code_postal;nb_annonces;loyer_moyen;loyer_m2_moyen;ville
1000.0;1;420.0;38.18;Bourg-en-Bresse
1480.0;5;823.2;13.97;Jassans-Riottier
1570.0;1;480.0;13.71;Feillens
1750.0;6;691.67;9.21;Saint-Laurent-sur-SaÃ´ne
2110.0;1;650.0;14.44;
2500.0;5;542.0;9.66;Hirson
6000.0;16;1117.06;33.65;Nice
6100.0;4;793.75;36.73;Nice
6150.0;4;980.0;26.01;Cannes
6160.0;14;994.29;23.84;Antibes
6200.0;14;962.29;26.55;Nice
6300.0;9;1105.44;29.21;Nice
6400.0;23;1508.65;36.94;Cannes
6600.0;12;1238.75;25.68;Antibes
7400.0;6;693.0;11.1;Le Teil
10000.0;581;563.15;15.65;Troyes
10100.0;10;551.2;10.17;Romilly-sur-Seine
10120.0;24;608.75;14.88;Saint-Andre-les-Vergers
10190.0;1;690.0;7.84;Estissac
10300.0;19;610.37;13.17;Sainte-Savine
10700.0;1;780.0;5.42;Villiers-Herbisse
11000.0;163;584.44;12.58;Carcassonne
11100.0;279;597.5;14.25;Narbonne
11130.0;5;1037.0;9.26;Sigean
11170.0;2;683.0;7.0;Pezens
11200.0;6;549.83;10.37;Lezignan-Corbieres
11250.0;5;490.0;10.0;Couffoulens
11260.0;1;750.0;8.33;Esperaza
11290.0;1;650.0;10.32;Roullens
11300.0;8;575.0;7.92;Limoux
11400.0;24;569.5;11.1;Castelnaudary
11570.0;1;430.0;17.2;Cavanac
11600.0;4;462.5;5.53;Conques-sur-Orbiel
11610.0;2;600.0;8.45;Ventenac-Cabardes
12000.0;192;557.15;13.24;Rodez
12100.0;48;555.54;11.48;Millau
12200.0;34;621.71;11.73;Villefranche-de-Rouergue
12400.0;8;489.62;8.37;
12450.0;1;500.0;9.09;Luc-la-Primaube
12850.0;32;466.91;12.39;Onet-le-Chateau
13001.0;225;889.05;23.15;Marseille
13002.0;145;906.42;21.61;Marseille 2eme
13003.0;164;713.16;18.71;Marseille
13004.0;180;818.71;20.71;Marseille 4eme
13005.0;262;766.63;22.76;Marseille
13006.0;244;1000.71;23.13;Marseille
13007.0;155;1445.64;25.46;Marseille
13008.0;360;1601.21;24.37;Marseille 8eme
13009.0;251;990.09;21.2;Marseille 9eme
13010.0;207;810.23;20.46;Marseille
13011.0;57;1113.82;18.68;Marseille 11eme
13012.0;127;1158.47;20.51;Marseille
13013.0;127;889.62;19.13;Marseille 13eme
13014.0;59;806.69;19.22;Marseille
13015.0;36;710.31;18.34;Marseille
13016.0;27;924.7;19.99;Marseille 16eme
13080.0;52;1167.81;25.36;Aix-en-Provence
13090.0;117;992.44;25.52;Aix-en-Provence
13100.0;340;1028.25;25.57;Aix-en-Provence
13103.0;3;1008.33;13.34;Saint-Etienne-du-Gres
13104.0;11;803.64;18.76;Arles
13109.0;3;852.67;12.25;Simiane-Collongue
13110.0;31;690.77;16.11;Port-de-Bouc
13111.0;1;904.0;15.86;Coudoux
13117.0;3;721.0;17.0;Martigues
13120.0;20;722.0;20.39;Gardanne
13122.0;1;3700.0;24.67;Ventabren
13127.0;15;1120.13;19.84;Vitrolles
13130.0;6;1118.33;16.15;Berre-l'Etang
13140.0;24;763.12;15.24;Miramas
13150.0;11;689.18;11.26;Tarascon
13160.0;21;823.0;11.99;Chateaurenard
13170.0;9;961.78;20.44;Les Pennes-Mirabeau
13190.0;9;1025.0;18.24;Allauch
13200.0;129;784.06;15.27;Arles
13210.0;18;1004.78;17.67;Saint-Remy-de-Provence
13220.0;3;866.67;16.79;Chateauneuf-les-Martigues
13260.0;1;3200.0;43.24;Cassis
13270.0;25;714.96;17.91;Fos-sur-Mer
13280.0;4;1250.0;17.3;Raphele-les-Arles
13290.0;5;1068.0;21.63;Aix-en-Provence
13300.0;63;736.97;16.98;Salon-de-Provence
13310.0;5;746.4;16.29;Saint-Martin-de-Crau
13320.0;15;1500.0;16.48;Bouc-Bel-Air
13390.0;12;1424.33;15.39;Auriol
13400.0;48;1264.69;18.79;Aubagne
13410.0;14;725.21;16.88;Lambesc
13420.0;1;4000.0;22.22;Gemenos
13440.0;2;517.0;12.92;Cabannes
13480.0;1;2200.0;16.67;Cabries
13500.0;21;793.29;17.59;Martigues
13520.0;1;950.0;19.39;
13530.0;5;980.0;17.75;Trets
13540.0;9;1691.67;26.92;Puyricard
13590.0;1;1042.0;20.43;
13600.0;44;1277.91;24.22;La Ciotat
13610.0;1;740.0;18.5;
13620.0;2;1850.0;22.58;Carry-le-Rouet
13660.0;3;793.33;15.41;Orgon
13670.0;4;882.75;9.59;St Andiol
13700.0;19;807.32;18.12;Marignane
13720.0;2;685.0;21.72;
13750.0;1;920.0;11.5;Plan d Orgon
13760.0;15;755.0;13.25;St Cannat
13790.0;5;1685.6;17.36;
13800.0;50;866.12;16.22;Istres
13890.0;1;700.0;20.0;
13960.0;1;1875.0;20.83;Sausset-les-Pins
14000.0;562;668.17;20.08;Caen
14100.0;35;736.91;13.5;Lisieux
14112.0;3;1143.67;14.29;Bieville-Beuville
14120.0;5;784.2;15.06;Mondeville
14123.0;8;942.25;15.31;Ifs
14150.0;7;717.14;19.08;Ouistreham
14200.0;51;603.27;16.16;Herouville-Saint-Clair
14360.0;9;804.22;23.08;Trouville-sur-Mer
14400.0;8;672.38;13.54;Bayeux
14500.0;6;441.17;12.58;Vire
14520.0;3;810.0;15.4;
14600.0;25;693.52;16.19;Honfleur
14700.0;7;582.71;16.55;Falaise
14730.0;1;1074.0;16.78;
15000.0;84;501.13;11.81;Aurillac
15100.0;15;394.6;12.8;Saint-Flour
16000.0;286;592.58;14.59;Angouleme
16006.0;3;715.0;23.2;Angouleme
16100.0;103;707.2;12.58;Cognac
16150.0;1;545.0;6.81;Chabanais
16400.0;16;425.31;16.32;La Couronne
17000.0;305;838.54;23.15;La Rochelle
17100.0;43;646.47;12.77;Saintes
17137.0;4;915.5;16.29;Nieul-sur-Mer
17139.0;1;826.0;20.65;
17140.0;3;966.33;19.33;Lagord
17180.0;10;867.5;13.97;Perigny
17200.0;32;720.78;16.44;Royan
17300.0;56;606.02;15.62;Rochefort
17400.0;2;410.0;23.0;Saint-Jean-d'Angely
17410.0;1;691.0;19.74;Saint-Martin-de-Re
17440.0;4;856.5;18.16;Aytre
18000.0;265;652.84;15.13;Bourges
18100.0;89;511.44;11.35;Vierzon
18140.0;1;620.0;10.51;Herry
18150.0;1;595.0;8.88;Cuffy
18330.0;1;700.0;6.09;Nancay
19000.0;75;516.11;10.34;Tulle
19100.0;88;664.26;13.12;Brive-la-Gaillarde
19200.0;10;472.0;9.89;Ussel
19270.0;5;695.6;10.34;Ussac
20000.0;24;843.96;18.46;Ajaccio
20090.0;6;899.17;16.93;Ajaccio
20620.0;6;675.83;14.67;Biguglia
21000.0;953;633.04;18.55;Dijon
21200.0;46;704.22;16.17;Beaune
21800.0;15;720.0;10.0;Quetigny
21850.0;1;820.0;13.9;St Apollinaire
22000.0;197;580.63;14.07;Saint-Brieuc
22100.0;28;688.18;14.98;Dinan
22190.0;5;1510.0;13.86;Plerin
22200.0;8;461.88;16.42;Guingamp
22210.0;1;1080.0;5.54;
22300.0;40;609.9;12.59;Lannion
22360.0;5;707.4;13.78;Langueux
22370.0;2;895.0;13.61;Pleneuf-Val-Andre
22400.0;7;710.71;11.71;Lamballe
22410.0;3;831.67;14.39;Saint Quay Portrieux
22430.0;1;640.0;15.24;Erquy
22490.0;1;770.0;15.71;
22520.0;1;1300.0;11.82;Binic-etables-sur-Mer
22600.0;2;622.0;8.15;
22950.0;1;1251.0;9.27;Tregueux
23000.0;2;430.0;8.21;Gueret
23150.0;1;630.0;6.0;
24000.0;307;558.39;14.1;Perigueux
24100.0;60;565.03;14.6;Bergerac
24110.0;3;553.33;7.04;St Astier
24200.0;5;677.0;12.59;Sarlat-la-Caneda
24330.0;1;1500.0;7.5;Bassillac et Auberoche
24380.0;1;975.0;7.33;Creyssensac-et-Pissot
24420.0;2;627.0;8.6;Sarliac-sur-l'Isle
24430.0;4;535.0;12.12;Marsac-sur-l'Isle
24660.0;7;572.86;13.43;Notre Dame de Sanilhac
24750.0;11;589.64;13.73;Trelissac
25000.0;588;626.28;16.73;Besancon
25130.0;3;1476.67;14.57;
25200.0;129;530.72;13.01;Montbeliard
25300.0;37;787.27;17.96;Pontarlier
25400.0;9;586.67;12.97;Audincourt
25500.0;8;889.38;14.06;Morteau
26000.0;354;626.59;15.1;Valence
26100.0;81;638.6;11.26;Romans-sur-Isere
26110.0;12;591.42;10.12;Nyons
26120.0;1;950.0;12.67;
26140.0;1;551.0;8.48;Saint-Rambert-d'Albon
26190.0;2;392.5;10.51;Saint-Jean-en-Royans
26200.0;141;681.52;13.68;Montelimar
26260.0;1;680.0;12.83;Clerieux
26300.0;6;600.33;11.45;Bourg-de-Peage
26320.0;2;985.0;11.57;Saint-Marcel-les-Valence
26400.0;4;911.25;9.51;Crest
26500.0;42;726.14;12.68;Bourg-les-Valence
26600.0;8;644.38;15.08;Tain-l'Hermitage
26700.0;7;548.57;13.32;Pierrelatte
26740.0;8;934.75;10.75;Sauzet
26780.0;3;790.33;11.99;Chateauneuf-du-Rhone
27000.0;203;644.75;16.76;Evreux
27120.0;1;1200.0;10.81;Le Val David
27140.0;6;720.33;13.47;Gisors
27180.0;2;1125.0;9.23;Aulnay sur Iton
27200.0;38;779.0;14.96;Vernon
27220.0;1;600.0;23.08;Saint-Andre-de-l'Eure
27300.0;25;713.48;11.36;Bernay
27400.0;50;856.98;12.84;Louviers
27490.0;1;1450.0;14.22;Cailly-sur-Eure
27500.0;21;563.86;13.31;Pont-Audemer
27930.0;5;1143.6;14.21;Gravigny
28000.0;218;711.78;15.15;Chartres
28100.0;48;699.35;14.23;Dreux
28110.0;43;647.47;13.22;Luce
28130.0;2;797.5;12.86;Pierres
28200.0;5;423.0;15.45;Chateaudun
28300.0;7;685.0;14.64;Mainvilliers
28400.0;3;431.67;14.07;Nogent-le-Rotrou
28600.0;5;722.0;15.48;Luisant
28630.0;2;710.0;11.09;Le Coudray
29000.0;141;602.5;16.28;Quimper
29100.0;6;692.17;11.06;Douarnenez
29120.0;5;625.4;14.34;Pont-l'Abbe
29150.0;1;535.0;12.74;Chateaulin
29200.0;845;640.54;15.75;Brest
29260.0;1;950.0;8.64;
29300.0;4;868.75;10.41;Quimperle
29400.0;7;530.0;17.3;Landivisiau
29470.0;1;500.0;16.13;Plougastel-Daoulas
29490.0;1;385.0;2.03;Guipavas
29600.0;7;493.0;17.8;Morlaix
29720.0;4;921.25;11.47;
29730.0;1;595.0;10.26;
29750.0;1;320.0;21.33;
29900.0;5;803.6;13.64;Concarneau
29950.0;1;890.0;7.01;
30000.0;537;629.3;16.44;Nimes
30100.0;192;608.38;12.44;Ales
30128.0;2;960.0;12.34;Garons
30130.0;22;552.32;9.65;Pont-Saint-Esprit
30133.0;19;726.16;17.75;Les Angles
30200.0;70;594.37;13.43;Bagnols-sur-Ceze
30240.0;6;645.33;21.29;Le Grau-du-Roi
30300.0;23;774.61;12.19;Beaucaire
30330.0;1;500.0;13.51;
30400.0;16;782.0;15.68;Villeneuve-les-Avignon
30510.0;4;1185.0;9.57;Generac
30600.0;9;753.44;14.49;Vauvert
30620.0;2;1420.0;14.98;Uchaud
30640.0;1;1290.0;10.08;Beauvoisin
30650.0;3;1183.33;11.42;Rochefort-du-Gard
30660.0;1;760.0;7.6;Gallargues-le-Montueux
30700.0;15;689.47;15.39;Uzes
30730.0;1;2000.0;11.98;Saint-Mamert-du-Gard
30800.0;1;450.0;18.75;
30900.0;119;633.75;17.37;Nimes
31000.0;310;814.51;23.57;Toulouse
31100.0;7;687.29;15.0;Toulouse
31130.0;16;829.31;19.03;Balma
31140.0;50;866.56;13.77;Aucamville
31150.0;3;713.33;12.86;Bruguieres
31170.0;48;1005.23;13.44;Tournefeuille
31190.0;8;661.0;13.75;Auterive
31200.0;26;770.5;16.47;Toulouse
31240.0;19;913.53;14.65;Saint-Jean
31250.0;21;542.81;11.79;Revel
31270.0;49;824.31;12.72;Cugnaux
31300.0;19;815.05;19.55;Toulouse
31320.0;49;571.35;15.86;Castanet-Tolosan
31330.0;5;1154.0;9.52;Grenade
31390.0;4;651.75;11.29;Carbonne
31400.0;37;775.41;19.47;Toulouse
31440.0;2;575.0;8.35;Saint-Beat
31490.0;14;745.21;13.7;Leguevin
31500.0;15;798.33;20.25;Toulouse
31520.0;50;785.18;16.46;Ramonville-Saint-Agne
31550.0;2;725.0;8.87;Gaillac-Toulza
31600.0;63;723.43;11.97;Muret
31650.0;21;887.57;14.35;Saint-Orens-de-Gameville
31700.0;66;812.65;13.49;Blagnac
31770.0;47;819.0;13.86;Colomiers
31780.0;17;940.47;12.47;Castelginest
31790.0;4;723.25;11.56;
31800.0;42;523.81;9.85;Saint-Gaudens
31830.0;21;915.67;13.1;Plaisance-du-Touch
31840.0;2;740.0;13.05;
32000.0;84;542.79;13.89;Auch
32130.0;3;420.0;13.17;Samatan
32600.0;7;729.14;11.87;
33000.0;582;928.66;24.8;Bordeaux
33100.0;37;747.76;28.9;Bordeaux
33110.0;40;1148.12;22.53;Le Bouscat
33113.0;1;1350.0;7.5;Saint-Symphorien
33115.0;2;4300.5;54.29;La Teste-de-Buch
33120.0;15;1277.93;22.29;Arcachon
33130.0;42;947.74;21.14;Begles
33138.0;1;997.0;23.19;
33140.0;49;714.9;23.79;Villenave-d'Ornon
33150.0;53;669.08;16.53;Cenon
33160.0;21;1328.9;14.93;Saint-Medard-en-Jalles
33170.0;44;802.8;25.7;Gradignan
33185.0;1;1296.0;19.64;Le Haillan
33190.0;4;611.0;10.14;La Reole
33200.0;29;1189.93;23.01;Bordeaux
33210.0;5;831.6;12.0;Langon
33230.0;11;628.73;13.52;Coutras
33240.0;33;767.73;14.1;Saint-Andre-de-Cubzac
33260.0;17;1196.35;16.58;La Teste-de-Buch
33270.0;25;925.36;14.81;Floirac
33290.0;5;1490.8;10.64;
33300.0;72;896.6;27.43;Bordeaux
33310.0;147;713.78;16.73;Lormont
33320.0;13;1047.54;18.2;Eysines
33380.0;4;1127.0;15.04;Biganos
33390.0;30;665.2;12.35;Blaye
33400.0;294;765.15;24.91;Talence
33440.0;9;788.67;14.87;Ambares-et-Lagrave
33470.0;19;1033.16;16.87;Gujan-Mestras
33500.0;74;773.96;14.35;Libourne
33510.0;5;1201.0;15.58;Andernos-les-Bains
33520.0;21;923.24;17.58;Bruges
33550.0;2;605.0;15.31;Paillet
33600.0;219;693.16;27.43;Pessac
33700.0;143;863.82;22.55;Merignac
33750.0;1;1002.0;11.79;Saint-Germain-du-Puch
33800.0;132;862.03;24.45;Bordeaux
33810.0;2;718.5;10.8;Ambes
33980.0;2;756.5;12.94;
34000.0;385;784.18;22.46;Montpellier
34024.0;1;594.0;33.0;Montpellier
34070.0;119;713.04;21.15;Montpellier
34080.0;73;659.73;21.99;Montpellier
34090.0;129;608.16;22.12;Montpellier
34110.0;28;875.46;15.6;Frontignan
34120.0;45;552.96;12.23;Pezenas
34130.0;37;908.54;18.77;Mauguio
34140.0;10;903.0;14.47;Meze
34150.0;7;814.57;12.22;Gignac
34170.0;59;795.61;18.91;Castelnau-le-Lez
34200.0;40;762.42;17.69;Sete
34250.0;21;721.48;18.86;Palavas-les-Flots
34280.0;25;627.16;24.85;La Grande-Motte
34300.0;58;705.48;16.33;Agde
34320.0;2;600.0;14.1;Roujan
34340.0;1;1076.0;11.7;Marseillan
34400.0;33;786.88;15.8;Lunel
34410.0;21;875.71;13.78;Serignan
34420.0;1;595.0;11.23;
34430.0;26;827.04;14.58;Saint-Jean-de-Vedas
34470.0;9;833.11;20.83;Perols
34500.0;468;604.38;13.07;Beziers
34600.0;18;426.28;10.94;Bedarieux
34700.0;5;428.8;13.07;Lodeve
34790.0;16;787.44;17.9;Grabels
34800.0;10;606.8;14.54;Clermont-l'Herault
34970.0;51;956.25;18.83;Lattes
34990.0;19;779.42;20.11;Juvignac
35000.0;652;758.8;23.23;Rennes
35135.0;5;989.4;12.74;Chantepie
35136.0;13;799.38;15.05;Saint-Jacques-de-la-Lande
35170.0;22;596.18;20.96;Bruz
35200.0;65;625.75;18.42;Rennes
35230.0;3;815.0;13.75;Noyal-Chatillon-sur-Seiche
35235.0;3;1224.67;11.39;Thorigne-Fouillard
35300.0;45;610.6;12.9;Fougeres
35400.0;42;805.62;17.35;Saint-Malo
35470.0;8;597.12;11.8;Bain-de-Bretagne
35500.0;35;736.71;11.45;Vitre
35510.0;31;836.1;14.75;Cesson-Sevigne
35600.0;5;705.4;8.69;Redon
35700.0;39;783.97;24.18;Rennes
35740.0;4;1707.75;12.79;
35800.0;7;970.71;17.32;Dinard
35830.0;2;1102.5;10.43;Betton
36000.0;100;592.81;12.33;Chateauroux
37000.0;636;628.89;20.25;Tours
37100.0;79;601.23;16.01;Tours
37120.0;9;454.44;8.6;Richelieu
37170.0;30;452.93;21.69;Chambray-les-Tours
37190.0;2;419.0;17.18;Azay-le-Rideau
37200.0;40;627.85;17.43;Tours
37230.0;1;1550.0;7.83;Fondettes
37250.0;4;657.75;15.07;
37260.0;1;915.0;9.53;Monts
37300.0;80;616.21;17.42;Joue-les-Tours
37400.0;16;687.88;15.1;Amboise
37510.0;1;315.0;2.05;Ballan-Mire
37520.0;34;652.56;17.24;La Riche
37540.0;28;778.32;15.56;Saint-Cyr-sur-Loire
37550.0;4;1122.75;11.4;Saint-Avertin
37700.0;20;755.2;13.8;Saint-Pierre-des-Corps
38000.0;690;708.87;18.77;Grenoble
38080.0;4;971.75;12.72;L'Isle-d'Abeau
38100.0;196;671.02;18.14;Grenoble
38110.0;6;673.0;13.57;La Tour-du-Pin
38120.0;23;913.48;14.87;Saint-Egreve
38130.0;48;771.21;13.86;Echirolles
38140.0;1;762.0;14.38;Rives
38150.0;8;670.62;11.11;Roussillon
38160.0;19;732.79;11.57;Saint-Marcellin
38170.0;10;824.6;14.9;Seyssinet-Pariset
38180.0;4;1244.5;15.46;Seyssins
38200.0;61;749.43;13.72;Vienne
38220.0;4;571.25;13.09;Vizille
38240.0;48;1024.96;15.93;Meylan
38300.0;70;846.79;14.8;Bourgoin-Jallieu
38320.0;1;993.0;14.82;Eybens
38360.0;3;613.33;22.59;Sassenage
38400.0;201;659.0;18.06;Saint-Martin-d'Heres
38420.0;7;847.86;12.98;Domene
38430.0;1;848.0;14.62;Moirans
38460.0;1;1050.0;11.41;
38500.0;49;737.04;12.24;Voiron
38530.0;6;732.67;15.46;Pontcharra
38600.0;37;595.95;17.24;Fontaine
38610.0;19;555.89;21.04;Gieres
38700.0;4;535.75;30.25;La Tronche
38890.0;1;545.0;14.34;
38950.0;6;843.33;12.05;Saint-Martin-le-Vinoux
39000.0;54;654.67;12.05;Lons-le-Saunier
39100.0;50;672.18;11.76;Dole
39200.0;7;486.29;10.58;Saint-Claude
39300.0;10;751.4;12.79;Champagnole
40000.0;60;617.75;12.81;Mont-de-Marsan
40100.0;83;677.48;17.1;Dax
40130.0;3;966.67;14.79;Capbreton
40140.0;4;956.25;16.17;Soustons
40150.0;3;1710.67;19.5;
40220.0;4;1186.0;14.96;Tarnos
40230.0;5;973.6;15.5;Saint-Vincent-de-Tyrosse
40270.0;1;790.0;5.49;Cazeres-sur-l'Adour
40280.0;4;692.75;11.29;Saint-Pierre-du-Mont
40510.0;1;777.0;18.07;
40600.0;16;775.25;14.33;Biscarrosse
40800.0;11;479.27;14.15;Aire-sur-l'Adour
40990.0;26;740.46;14.44;Saint-Paul-les-Dax
41000.0;195;596.15;15.09;Saint-Denis-sur-Loire
41100.0;26;637.08;12.01;Vendome
41200.0;16;551.12;10.82;Romorantin-Lanthenay
41260.0;1;500.0;13.51;La Chaussee-Saint-Victor
41400.0;1;446.0;10.88;Montrichard
42000.0;726;545.55;12.89;Saint-Etienne
42100.0;149;535.13;14.75;Saint-Etienne
42110.0;20;589.85;9.67;Feurs
42120.0;24;513.71;10.77;Le Coteau
42153.0;10;581.7;10.97;Riorges
42170.0;24;638.88;10.03;Saint-Just-Saint-Rambert
42210.0;6;687.5;10.72;Montrond-les-Bains
42270.0;11;614.36;13.11;Saint-Priest-en-Jarez
42290.0;1;1150.0;8.33;Sorbiers
42300.0;282;506.02;11.94;Roanne
42400.0;47;594.66;10.98;Saint-Chamond
42470.0;1;680.0;9.86;Saint-Symphorien-de-Lay
42510.0;1;780.0;5.78;Neronde
42600.0;48;608.12;11.49;Montbrison
42700.0;23;528.13;8.43;Firminy
42800.0;8;543.88;8.85;Rive-de-Gier
43000.0;48;566.08;11.36;Le Puy-en-Velay
43150.0;1;730.0;7.16;Le Monastier-sur-Gazeille
44000.0;711;804.03;21.39;Nantes
44100.0;88;705.2;21.96;Nantes
44110.0;47;590.28;12.05;Chateaubriant
44117.0;1;1550.0;12.3;
44120.0;14;840.93;20.24;Vertou
44140.0;1;1450.0;8.79;Aigrefeuille-sur-Maine
44150.0;1;650.0;15.48;Ancenis
44160.0;2;790.0;14.01;Pontchateau
44190.0;4;975.0;12.26;Clisson
44200.0;48;835.9;22.82;Nantes
44210.0;4;810.0;19.91;Pornic
44220.0;4;838.0;12.76;CouÃ«ron
44230.0;44;728.52;17.37;Saint-Sebastien-sur-Loire
44240.0;3;1348.33;13.07;La Chapelle-sur-Erdre
44250.0;7;1008.86;15.5;Saint-Brevin-les-Pins
44300.0;146;705.77;23.73;Nantes
44320.0;1;790.0;15.8;
44340.0;2;586.0;18.71;Bouguenais
44350.0;4;1250.25;13.74;Guerande
44370.0;1;410.0;8.54;
44380.0;8;1009.12;19.51;Pornichet
44400.0;60;890.85;15.75;Reze
44450.0;1;990.0;12.22;
44470.0;35;756.23;17.67;Carquefou
44500.0;23;1105.52;19.36;La Baule-Escoublac
44510.0;3;1031.67;14.14;Le Pouliguen
44600.0;124;976.36;18.03;Saint-Nazaire
44700.0;38;684.63;18.45;Orvault
44740.0;1;514.0;20.56;
44760.0;1;895.0;9.84;
44770.0;1;599.0;12.74;
44800.0;145;691.46;16.91;Saint-Herblain
44840.0;4;751.5;14.15;Les Sorinieres
44850.0;3;1018.67;9.77;
44980.0;8;492.12;21.27;Sainte-Luce-sur-Loire
45000.0;541;644.97;17.92;Orleans
45100.0;97;603.16;17.97;Orleans
45140.0;27;689.07;13.4;Saint-Jean-de-la-Ruelle
45160.0;50;627.62;17.44;Olivet
45200.0;69;635.87;12.32;Montargis
45230.0;1;520.0;10.0;Sainte-Genevieve-des-Bois
45400.0;26;732.65;15.82;Fleury-les-Aubrais
45500.0;24;633.46;9.39;Gien
45650.0;13;602.23;15.34;Saint-Jean-le-Blanc
45750.0;1;433.0;16.65;Saint Pryve Saint Mesmin
45800.0;56;667.29;18.03;Saint-Jean-de-Braye
46000.0;63;586.95;11.03;Cahors
46100.0;7;607.43;10.51;Figeac
47000.0;287;595.4;13.16;Agen
47150.0;2;767.5;9.49;Monflanquin
47200.0;61;616.82;10.39;Marmande
47300.0;50;604.38;10.27;Villeneuve-sur-Lot
47400.0;13;508.15;10.52;Tonneins
47520.0;3;1123.33;10.61;Le Passage
48000.0;8;514.5;12.9;Mende
49000.0;414;714.24;19.84;Angers
49070.0;2;1667.5;12.2;Beaucouze
49100.0;232;713.22;20.25;Angers
49120.0;1;301.0;4.3;Chemille
49122.0;1;455.0;13.38;
49130.0;4;695.0;16.12;Les Ponts-de-Ce
49170.0;2;703.5;8.71;
49230.0;1;800.0;7.48;
49240.0;14;962.29;16.94;Avrille
49270.0;2;615.0;12.5;
49290.0;7;518.14;12.93;Chalonnes-sur-Loire
49300.0;210;612.84;13.5;Cholet
49400.0;83;594.63;12.96;Saumur
49500.0;3;639.67;13.43;
49570.0;1;535.0;11.63;
49600.0;8;560.25;12.02;Beaupreau
49740.0;1;555.0;10.47;
50000.0;31;563.58;13.13;Saint-Lo
50100.0;61;704.46;16.31;Cherbourg-en-Cotentin
50110.0;3;806.67;13.89;Cherbourg-en-Cotentin
50120.0;7;642.29;16.57;Cherbourg-en-Cotentin
50130.0;2;860.0;14.04;Cherbourg-en-Cotentin
50200.0;5;552.6;11.07;Coutances
50230.0;1;800.0;12.31;
50300.0;9;603.33;12.14;Avranches
50350.0;1;450.0;18.0;
50400.0;20;709.2;14.99;Granville
50610.0;1;470.0;16.79;Jullouville
50660.0;1;920.0;9.2;
51000.0;77;577.36;12.83;Chalons-en-Champagne
51100.0;1095;645.01;19.25;Reims
51200.0;36;608.42;13.6;Epernay
51300.0;4;490.0;8.71;Vitry-le-Francois
51450.0;4;670.75;10.9;Betheny
52000.0;15;596.53;13.73;Villiers-le-Sec
52100.0;53;663.64;10.58;Saint-Dizier
52120.0;1;678.0;5.42;Chateauvillain
53000.0;323;516.96;13.89;Laval
53100.0;23;479.22;11.16;Mayenne
53200.0;5;615.8;10.01;
54000.0;1107;616.95;17.18;Nancy
54100.0;9;776.67;16.05;Laxou
54130.0;9;698.33;12.47;Saint-Max
54140.0;18;642.61;14.14;Jarville-la-Malgrange
54200.0;30;555.87;11.68;Toul
54270.0;6;711.5;10.63;Essey-les-Nancy
54300.0;49;530.51;9.59;Luneville
54320.0;6;639.17;13.26;Maxeville
54390.0;4;588.75;9.93;Frouard
54400.0;8;771.25;18.19;Longwy
54500.0;342;514.56;19.28;Vand
54520.0;53;682.43;13.05;Laxou
54547.0;1;400.0;22.22;Vandoeuvre les Nancy
54600.0;96;968.44;18.47;Villers-les-Nancy
54700.0;28;535.36;11.62;Pont-A -Mousson
54800.0;5;528.0;11.33;Jarny
54910.0;1;500.0;7.69;
55000.0;13;561.54;10.66;Bar-le-Duc
55100.0;8;536.88;13.35;Verdun
55240.0;1;730.0;8.11;Bouligny
56000.0;281;701.33;18.98;Vannes
56100.0;154;747.26;18.63;Lorient
56120.0;2;565.0;10.78;Josselin
56170.0;1;700.0;20.59;Quiberon
56260.0;1;805.0;23.68;Larmor-Plage
56270.0;1;1650.0;13.1;Ploemeur
56300.0;33;637.97;12.75;Pontivy
56350.0;1;925.0;10.05;
56400.0;34;787.82;13.67;Brech
56520.0;3;784.33;15.78;Guidel
56600.0;1;716.0;11.74;Lanester
56700.0;4;893.75;13.83;Hennebont
56800.0;4;979.5;11.27;PloÃ«rmel
56860.0;1;1000.0;11.49;Sene
56880.0;1;994.0;14.62;Ploeren
56890.0;5;713.4;12.65;Saint-Ave
57000.0;367;707.73;17.1;Metz
57050.0;37;608.49;15.07;Metz
57070.0;53;671.19;18.51;Metz
57100.0;80;962.66;17.31;Thionville
57120.0;7;650.57;10.6;Rombas
57140.0;1;840.0;14.0;Woippy
57150.0;10;529.5;9.94;Creutzwald
57158.0;1;780.0;11.82;Montigny-les-Metz
57180.0;1;795.0;13.47;Terville
57185.0;1;560.0;16.97;
57190.0;1;735.0;13.87;Florange
57200.0;122;609.63;10.63;Sarreguemines
57220.0;5;631.2;9.09;Boulay-Moselle
57240.0;1;390.0;15.6;
57255.0;2;820.0;12.32;
57270.0;1;835.0;12.85;
57280.0;4;850.0;12.26;Maizieres-les-Metz
57300.0;5;851.0;13.82;Hagondange
57350.0;3;650.0;7.11;Stiring-Wendel
57390.0;5;1064.6;23.24;
57400.0;32;693.16;9.67;Sarrebourg
57460.0;2;821.0;8.17;Behren-les-Forbach
57480.0;3;1253.33;11.45;Montenach
57500.0;22;597.09;11.52;Saint-Avold
57600.0;104;587.37;10.55;Forbach
57630.0;1;330.0;13.75;Vic-sur-Seille
57640.0;1;1380.0;15.86;
57700.0;4;653.5;11.24;Hayange
57800.0;11;461.55;11.45;Freyming-Merlebach
57860.0;1;620.0;11.48;
57950.0;67;780.58;14.84;Montigny-les-Metz
57970.0;10;833.6;15.74;Yutz
58000.0;221;545.26;12.3;Nevers
58200.0;19;455.53;12.05;Cosne-Cours-sur-Loire
58600.0;7;488.14;8.61;Fourchambault
59000.0;811;753.93;23.37;Lille
59100.0;524;607.27;19.64;Roubaix
59110.0;171;913.78;20.8;La Madeleine
59111.0;2;729.5;11.28;
59117.0;1;809.0;12.64;Wervicq-Sud
59120.0;167;631.87;21.65;Loos
59122.0;3;863.33;9.04;Hondschoote
59130.0;68;865.04;20.17;Lambersart
59139.0;36;845.08;17.73;Wattignies
59140.0;50;674.88;19.69;Dunkerque
59150.0;8;677.12;14.63;Wattrelos
59155.0;17;634.59;18.09;Faches-Thumesnil
59160.0;14;534.57;32.21;Lille
59163.0;4;551.25;17.85;Conde-sur-l'Escaut
59170.0;61;844.16;19.29;Croix
59171.0;1;740.0;10.42;
59172.0;1;920.0;7.8;
59178.0;2;699.5;10.52;Hasnon
59190.0;32;677.09;11.85;Hazebrouck
59200.0;328;638.39;17.77;Tourcoing
59210.0;1;775.0;16.49;
59220.0;34;598.15;11.0;Denain
59230.0;6;712.67;9.26;Saint-Amand-les-Eaux
59240.0;16;829.5;19.08;Dunkerque
59250.0;11;655.27;13.89;Halluin
59255.0;1;850.0;13.08;
59260.0;12;681.17;18.27;Lille
59280.0;82;646.45;14.19;Armentieres
59290.0;13;862.62;16.21;Wasquehal
59300.0;398;573.86;17.33;Valenciennes
59320.0;8;696.38;18.74;Haubourdin
59330.0;3;500.0;19.67;Hautmont
59350.0;23;941.52;18.84;Saint-Andre-lez-Lille
59360.0;8;580.88;10.14;Le Cateau-Cambresis
59370.0;38;766.84;18.67;Mons-en-Baroeul
59390.0;5;681.2;18.15;Lys-lez-Lannoy
59400.0;133;561.28;14.69;Cambrai
59410.0;26;488.0;13.15;Anzin
59420.0;5;1112.0;13.57;Tourcoing
59430.0;1;450.0;26.47;Saint-Pol-sur-Mer
59450.0;6;612.5;11.96;Sin-le-Noble
59490.0;1;700.0;10.61;
59491.0;51;762.39;25.45;Villeneuve-d'Ascq
59493.0;3;976.67;29.78;Villeneuve-d'Ascq
59500.0;120;608.81;16.94;Douai
59520.0;2;669.0;15.05;Marquette Lez Lille
59540.0;6;573.0;9.35;Caudry
59580.0;1;550.0;14.47;Aniche
59590.0;4;515.0;14.23;Raismes
59600.0;54;581.11;13.03;Maubeuge
59620.0;1;590.0;8.81;Aulnoye-Aymeries
59650.0;60;606.53;24.62;Villeneuve-d'Ascq
59700.0;82;1059.35;18.15;Marcq-en-Bar
59770.0;13;616.54;12.12;Marly
59777.0;3;871.33;27.68;Lille
59790.0;24;643.25;23.78;Ronchin
59800.0;170;792.65;25.26;Lille
59850.0;2;744.5;11.93;Nieppe
59870.0;1;950.0;8.64;
59940.0;2;718.0;8.47;Estaires
60000.0;195;651.92;15.92;Beauvais
60100.0;66;747.12;18.89;Creil
60129.0;1;1117.0;10.54;Compiegne
60180.0;23;861.13;16.36;Nogent-sur-Oise
60200.0;326;721.73;17.87;Compiegne
60270.0;3;818.33;21.62;Gouvieux
60280.0;32;704.91;15.05;Margny-les-Compiegne
60300.0;42;1489.6;17.67;Senlis
60390.0;1;550.0;19.64;Auneuil
60400.0;14;574.29;13.28;Noyon
60440.0;3;849.0;14.23;Nanteuil-le-Haudouin
60500.0;24;1040.5;19.96;Chantilly
60510.0;3;1124.33;10.21;Laversines
60600.0;16;709.75;16.32;Clermont
60650.0;1;830.0;15.09;Saint-Paul
60700.0;16;628.62;16.24;Pont-Sainte-Maxence
60800.0;15;853.53;13.71;
60810.0;2;1975.0;16.42;
60930.0;1;1150.0;14.74;Bailleul sur Therain
61000.0;121;490.93;13.25;Alencon
61100.0;25;505.72;10.27;Flers
61110.0;1;630.0;10.5;
61200.0;18;491.22;10.72;Argentan
61260.0;1;535.0;9.55;
61300.0;14;505.07;10.42;
62000.0;126;630.21;16.44;Arras
62100.0;102;553.9;16.18;Calais
62110.0;26;595.58;14.18;Henin-Beaumont
62160.0;5;652.8;11.08;Bully-les-Mines
62200.0;115;611.76;15.11;Boulogne-sur-Mer
62210.0;2;790.0;7.9;Avion
62232.0;1;390.0;13.45;
62260.0;2;572.5;12.37;Auchel
62300.0;68;534.29;19.99;Lens
62400.0;104;576.24;15.86;Berck
62460.0;1;720.0;7.2;Divion
62470.0;1;518.0;14.0;Calonne-Ricouart
62490.0;1;690.0;11.13;Vitry-en-Artois
62500.0;59;567.81;14.12;Saint-Omer
62530.0;1;553.0;12.29;Hersin-Coupigny
62600.0;58;596.79;15.69;Berck
62700.0;4;529.0;13.41;Bruay-la-Buissiere
62800.0;20;648.3;17.47;Lievin
63000.0;886;611.59;16.9;Clermont-Ferrand
63100.0;85;642.64;14.75;Clermont-Ferrand
63110.0;17;661.65;15.45;Beaumont
63119.0;1;1180.0;10.63;Chateaugay
63170.0;25;529.04;14.94;Aubiere
63200.0;50;627.22;12.75;Mozac
63300.0;19;496.84;10.66;Thiers
63400.0;129;713.79;16.0;Chamalieres
63460.0;1;749.0;7.72;Combronde
63500.0;73;600.81;11.01;Issoire
63800.0;3;661.67;11.59;Cournon-d'Auvergne
64000.0;497;611.02;15.56;Pau
64100.0;75;839.76;18.07;Bayonne
64121.0;2;1175.0;10.38;Serres-Castet
64122.0;3;655.67;21.6;Urrugne
64140.0;53;764.02;13.66;Lons
64200.0;50;1027.32;24.18;Biarritz
64240.0;1;568.0;15.78;Hasparren
64300.0;5;512.4;11.58;Orthez
64400.0;9;675.0;12.78;Oloron-Sainte-Marie
64440.0;2;575.0;8.71;Ancizan
64500.0;10;1400.5;21.68;Saint-Jean-de-Luz
64530.0;1;730.0;9.36;
64600.0;41;1101.73;20.8;Anglet
64700.0;9;919.67;17.66;Hendaye
65000.0;225;541.56;14.01;Tarbes
65100.0;32;462.66;15.89;Lourdes
66000.0;417;611.59;14.48;Perpignan
66100.0;71;550.39;14.54;Perpignan
66130.0;9;754.56;12.41;Ille-sur-Tet
66140.0;20;652.0;17.1;Canet-en-Roussillon
66200.0;9;728.44;13.24;Elne
66240.0;5;923.0;13.14;Saint-Esteve
66250.0;4;648.75;14.69;Saint-Laurent-de-la-Salanque
66280.0;5;728.0;11.12;Saleilles
66350.0;1;700.0;10.94;Toulouges
66380.0;1;1100.0;14.67;Pia
66420.0;5;520.0;23.25;
66440.0;1;594.0;13.5;
66450.0;6;637.17;13.35;Pollestres
66500.0;13;645.46;11.1;Prades
66540.0;1;640.0;10.67;Baho
66600.0;12;769.75;12.75;Rivesaltes
66690.0;1;497.0;9.94;
66700.0;6;646.67;17.09;Argeles-sur-Mer
66750.0;2;1762.5;30.45;Saint-Cyprien
67000.0;607;904.63;24.18;Strasbourg
67100.0;116;764.03;23.0;Strasbourg
67120.0;11;786.82;12.69;Molsheim
67150.0;11;862.55;21.24;Erstein
67160.0;7;809.71;8.82;Wissembourg
67170.0;4;814.0;14.0;
67200.0;78;785.71;20.31;Strasbourg
67201.0;1;650.0;14.13;Eckbolsheim
67210.0;50;853.82;14.72;Obernai
67240.0;9;873.11;11.21;Bischwiller
67300.0;73;758.19;19.06;Schiltigheim
67320.0;1;800.0;7.27;
67380.0;37;944.57;15.57;Lingolsheim
67400.0;83;788.43;21.01;Illkirch-Graffenstaden
67450.0;1;895.0;12.09;Mundolsheim
67460.0;4;882.25;15.85;Souffelweyersheim
67500.0;47;817.4;14.06;Haguenau
67540.0;7;854.29;13.78;Ostwald
67600.0;30;698.6;15.63;Selestat
67610.0;1;1360.0;14.62;La Wantzenau
67700.0;15;726.13;11.95;Saverne
67720.0;2;945.0;11.92;
67800.0;66;843.68;16.68;Bischheim
68000.0;232;768.89;14.41;Colmar
68040.0;1;740.0;13.45;Ingersheim
68100.0;353;659.87;15.09;Mulhouse
68110.0;4;952.75;13.38;Illzach
68120.0;4;663.5;12.41;Pfastatt
68124.0;1;770.0;11.0;Logelbach
68125.0;1;995.0;13.63;Houssen
68170.0;4;978.75;12.66;Rixheim
68180.0;2;632.5;17.77;Horbourg-Wihr
68200.0;119;605.61;14.24;Mulhouse
68220.0;3;2111.67;16.04;Hegenheim
68230.0;1;905.0;12.75;Turckheim
68250.0;3;808.33;14.12;
68260.0;1;940.0;11.75;
68270.0;1;703.0;10.82;Wittenheim
68280.0;2;625.0;28.0;Andolsheim
68290.0;1;800.0;10.96;
68300.0;69;945.86;17.3;Saint-Louis
68400.0;15;1304.93;11.63;Riedisheim
68420.0;1;1076.0;7.58;Eguisheim
68460.0;1;804.0;11.49;Lutterbach
68500.0;2;862.5;12.35;Guebwiller
68520.0;1;550.0;17.74;
68530.0;1;980.0;8.75;
68540.0;1;1250.0;12.25;
68570.0;1;979.0;9.79;
68630.0;1;750.0;8.06;
68700.0;2;815.0;14.3;Cernay
68800.0;2;647.5;10.33;Thann
68920.0;1;790.0;15.8;Wintzenheim
69001.0;278;1171.36;24.54;Lyon
69002.0;328;1337.91;23.97;Lyon 2eme
69003.0;524;924.79;22.83;Lyon
69004.0;207;1149.47;22.43;Lyon 4eme
69005.0;229;1090.77;22.23;Lyon 5eme
69006.0;389;1364.18;24.17;Lyon 6eme
69007.0;451;890.82;24.8;Lyon 7eme
69008.0;455;852.88;20.23;Lyon 8eme
69009.0;268;841.25;19.22;Lyon 9eme
69100.0;703;827.5;19.98;Villeurbanne
69110.0;58;1355.81;19.6;Sainte-Foy-les-Lyon
69120.0;65;800.35;20.27;Vaulx-en-Velin
69130.0;98;1084.57;21.48;Ecully
69140.0;31;1480.58;15.1;Rillieux-la-Pape
69150.0;48;991.52;16.52;Decines-Charpieu
69160.0;72;1145.97;21.35;Tassin-la-Demi-Lune
69170.0;24;567.38;11.39;Tarare
69190.0;6;708.83;23.37;Saint-Fons
69200.0;137;716.22;18.99;Venissieux
69220.0;14;710.14;9.91;Belleville
69230.0;35;1229.77;19.63;Saint-Genis-Laval
69240.0;7;402.86;7.92;Thizy-les-Bourgs
69250.0;15;713.13;14.77;Neuville-sur-Saone
69259.0;2;772.5;19.92;Venissieux
69260.0;9;1623.33;21.42;Charbonnieres-les-Bains
69270.0;8;894.75;14.25;Fontaines-sur-Saone
69280.0;1;1200.0;26.67;Sainte-Consorce
69290.0;19;1090.05;16.05;Craponne
69300.0;167;1040.71;21.66;Caluire-et-Cuire
69310.0;2;531.0;14.91;Pierre-Benite
69330.0;37;1024.11;17.47;Meyzieu
69340.0;10;1127.1;17.66;Francheville
69350.0;12;891.5;19.85;La Mulatiere
69390.0;1;1390.0;11.98;
69400.0;154;752.23;14.01;Villefranche-sur-Saone
69410.0;3;1236.67;15.0;Champagne Au Mont d Or
69500.0;158;773.19;20.49;Bron
69530.0;7;1124.43;13.42;Brignais
69600.0;129;760.74;22.15;Oullins
69700.0;7;728.14;14.99;Givors
69800.0;65;874.0;23.65;Saint-Priest
70000.0;68;523.87;11.07;Echenoz-la-Meline
70200.0;2;950.0;13.95;Lure
70300.0;7;585.14;9.65;Luxeuil-les-Bains
70400.0;1;1250.0;11.26;Hericourt
71000.0;252;567.19;13.39;Macon
71100.0;107;623.33;14.22;Chalon-sur-Saone
71150.0;7;629.86;8.94;Chagny
71160.0;2;537.5;7.92;
71200.0;192;488.7;10.92;Le Creusot
71260.0;1;1480.0;10.21;St Maurice de Satonnay
71270.0;2;550.0;7.3;Pierre-de-Bresse
71300.0;19;559.79;10.71;Montceau-les-Mines
71330.0;1;480.0;9.6;
71400.0;4;510.0;11.36;Autun
71500.0;3;609.0;8.29;Louhans
71600.0;1;708.0;6.0;
71710.0;1;325.0;7.93;
71760.0;1;447.0;6.77;Issy-l'Eveque
71850.0;6;539.5;15.51;Charnay les Macon
71870.0;1;481.0;12.66;Macon
72000.0;505;624.65;15.87;Le Mans
72100.0;74;609.01;15.43;Le Mans
72110.0;1;720.0;5.54;Bonnetable
72200.0;7;540.71;15.36;La Fleche
72300.0;19;529.47;11.23;Sable-sur-Sarthe
72400.0;2;517.5;11.39;La Ferte-Bernard
73000.0;267;685.61;20.65;Albertville
73100.0;114;806.24;22.05;Aix-les-Bains
73110.0;3;811.67;9.5;La Rochette
73200.0;54;753.89;13.43;Albertville
73290.0;16;930.12;16.94;La Motte-Servolex
73370.0;15;651.53;24.51;
74000.0;226;1095.46;24.42;Annecy
74100.0;281;1302.56;25.57;Ambilly
74130.0;8;888.25;17.0;Bonneville
74150.0;11;813.45;16.74;Rumilly
74160.0;69;1533.86;27.09;Saint-Julien-en-Genevois
74200.0;93;1070.62;21.55;Thonon-les-Bains
74240.0;63;1424.44;29.43;Gaillard
74250.0;1;2975.0;27.29;
74300.0;11;902.91;13.79;Cluses
74370.0;1;1245.0;25.41;Annecy
74500.0;20;1326.8;24.02;Evian-les-Bains
74600.0;5;829.8;28.73;Annecy
74700.0;16;882.12;18.69;Sallanches
74800.0;14;882.93;17.51;La Roche-sur-Foron
74940.0;10;1697.1;23.53;Annecy
74960.0;18;956.22;19.65;Annecy
75000.0;2;837.0;55.8;Paris
75001.0;141;3087.89;54.15;Paris
75002.0;229;2746.52;64.66;Paris
75003.0;170;2535.04;52.98;Paris
75004.0;148;2430.69;51.27;Paris
75005.0;247;1982.41;47.4;Paris
75006.0;346;3937.93;57.39;Paris 6eme
75007.0;385;3642.92;55.16;Paris
75008.0;511;4567.22;55.46;Paris 8eme
75009.0;261;2642.26;50.74;Paris 9eme
75010.0;332;1804.77;45.35;Paris
75011.0;377;1717.71;45.78;Paris
75012.0;285;1583.4;40.59;Paris 12eme
75013.0;375;1552.66;40.99;Paris 13eme
75014.0;373;1545.79;40.85;Paris 14eme
75015.0;685;1881.31;44.94;Paris 15eme
75016.0;618;3344.49;44.91;Paris 16eme
75017.0;713;2084.41;45.26;Paris
75018.0;623;1498.34;43.1;Paris
75019.0;378;1363.93;41.12;Paris
75020.0;301;1549.22;40.63;Paris
75116.0;69;4810.83;52.53;Paris
76000.0;854;648.8;19.82;Rouen
76100.0;163;593.71;16.58;Rouen
76120.0;10;681.7;12.43;Le Grand-Quevilly
76130.0;142;671.35;20.04;Mont-Saint-Aignan
76140.0;70;707.76;15.56;Le Petit-Quevilly
76160.0;39;494.62;18.75;Darnetal
76190.0;19;713.84;11.73;Yvetot
76200.0;89;698.57;15.6;Dieppe
76210.0;10;509.7;10.55;Bolbec
76230.0;45;712.07;16.32;Bois-Guillaume
76250.0;48;639.67;15.91;Deville-les-Rouen
76290.0;9;747.33;13.38;Montivilliers
76300.0;61;664.2;14.64;Sotteville-les-Rouen
76320.0;7;576.0;10.71;Caudebec-les-Elbeuf
76350.0;1;850.0;10.12;Oissel
76370.0;5;798.0;13.6;Dieppe
76400.0;61;650.41;14.21;Fecamp
76450.0;1;1950.0;13.0;Saint-Martin-aux-Buneaux
76500.0;104;579.69;12.05;Elbeuf
76540.0;3;748.67;8.8;Sorquainville
76600.0;752;624.96;17.52;Le Havre
76610.0;5;654.4;9.51;Le Havre
76620.0;29;876.76;13.92;Le Havre
76680.0;1;570.0;12.13;Saint-SaÃ«ns
76800.0;43;550.37;17.26;Saint-Etienne-du-Rouvray
77000.0;307;785.79;21.4;Melun
77100.0;179;823.8;20.97;Meaux
77120.0;22;706.27;16.43;Coulommiers
77124.0;3;871.0;20.74;Villenoy
77127.0;12;853.83;19.65;Lieusaint
77130.0;57;652.51;18.37;Montereau-Fault-Yonne
77140.0;48;750.9;14.98;Nemours
77144.0;31;1474.84;24.95;Montevrain
77160.0;18;817.67;13.71;Provins
77170.0;52;859.88;19.96;Brie-Comte-Robert
77176.0;18;856.44;20.33;Savigny-le-Temple
77183.0;2;820.0;19.69;Croissy-Beaubourg
77185.0;5;858.2;18.36;Lognes
77186.0;13;920.92;29.55;Noisiel
77190.0;35;826.94;18.87;Dammarie-les-Lys
77200.0;14;927.0;25.76;Torcy
77210.0;95;869.17;18.23;Avon
77240.0;7;760.14;18.87;Cesson
77250.0;6;872.5;17.8;
77260.0;24;716.54;18.01;La Ferte-sous-Jouarre
77270.0;46;848.26;21.75;Villeparisis
77280.0;2;840.0;20.76;Othis
77300.0;182;932.9;25.03;Fontainebleau
77310.0;8;716.75;18.64;Saint-Fargeau-Ponthierry
77330.0;25;893.24;20.39;Ozoir-la-Ferriere
77340.0;64;1014.66;22.57;Pontault-Combault
77350.0;28;911.54;18.89;Le Mee-sur-Seine
77370.0;5;746.6;17.16;Nangis
77380.0;25;1009.28;16.61;Combs-la-Ville
77400.0;44;1127.7;23.7;Saint-Thibault-des-Vignes
77420.0;112;868.59;28.26;Champs-sur-Marne
77500.0;66;993.11;23.26;Chelles
77515.0;2;1567.5;14.33;Faremoutiers
77600.0;56;973.57;24.99;Bussy-Saint-Georges
77630.0;1;2200.0;18.33;Barbizon
77680.0;11;840.36;24.67;Roissy-en-Brie
77700.0;29;1729.86;25.17;
77706.0;1;1600.0;76.19;
78000.0;335;1442.19;31.35;Versailles
78100.0;259;1627.03;28.54;Saint-Germain-en-Laye
78110.0;94;2637.44;27.58;Le Vesinet
78120.0;68;824.68;23.15;Rambouillet
78130.0;22;915.73;21.63;Les Mureaux
78140.0;29;1298.38;22.79;Velizy-Villacoublay
78150.0;9;1521.56;34.83;Le Chesnay-Rocquencourt
78160.0;25;1478.68;23.75;Marly-le-Roi
78170.0;49;2359.04;23.02;La Celle-Saint-Cloud
78180.0;64;1088.3;24.85;Montigny-le-Bretonneux
78190.0;37;902.03;22.76;Trappes
78200.0;138;867.99;20.07;Mantes-la-Jolie
78210.0;25;1014.64;22.98;Saint-Cyr-l'Ecole
78220.0;24;1381.75;27.26;Viroflay
78230.0;34;2109.65;25.46;Le Pecq
78250.0;20;830.2;20.95;Meulan-en-Yvelines
78260.0;21;989.86;21.9;Acheres
78280.0;22;854.23;25.11;Guyancourt
78290.0;3;4090.0;30.98;Croissy-sur-Seine
78300.0;135;1102.34;22.42;Poissy
78310.0;33;1021.24;18.75;Maurepas
78330.0;25;904.32;23.1;Fontenay-le-Fleury
78350.0;11;1350.55;26.89;Jouy-en-Josas
78360.0;15;1313.6;27.59;Montesson
78370.0;24;1330.25;20.79;Plaisir
78390.0;15;863.53;20.73;Bois-d'Arcy
78400.0;5;3177.4;19.68;Chatou
78420.0;35;1511.17;23.88;Carrieres-sur-Seine
78490.0;8;1060.62;20.82;Montfort-l'Amaury
78498.0;3;1249.67;19.16;Poissy
78500.0;76;1250.14;25.09;Sartrouville
78510.0;15;971.0;21.48;Triel-sur-Seine
78520.0;13;798.15;17.18;Limay
78580.0;5;1106.0;21.19;Maule
78600.0;129;1759.08;26.4;Maisons-Laffitte
78620.0;9;3782.22;21.28;L'Etang-la-Ville
78640.0;8;1055.0;20.64;Neauphle-le-Chateau
78670.0;4;2625.0;20.91;Villennes sur Seine
78700.0;52;1000.73;24.66;Conflans-Sainte-Honorine
78711.0;38;834.03;18.54;Mantes-la-Ville
78760.0;1;980.0;22.27;Jouars-Pontchartrain
78800.0;50;1174.72;25.92;Houilles
78870.0;1;2800.0;15.73;
78920.0;1;690.0;16.83;
78955.0;31;1020.03;20.45;Carrieres-sous-Poissy
78990.0;23;1002.43;19.49;Elancourt
79000.0;275;613.98;15.27;Niort
79100.0;4;382.5;6.77;Thouars
79110.0;1;520.0;4.81;Alloinay
79160.0;1;850.0;7.46;Saint-Pompain
79210.0;3;676.67;8.8;Mauze sur le Mignon
79300.0;49;592.0;10.77;Bressuire
79310.0;1;960.0;10.67;
79370.0;1;520.0;26.0;Celles-sur-Belle
79400.0;3;743.33;7.08;Saint Maixent l Ecole
79410.0;2;980.5;10.89;Cherveux
79500.0;1;880.0;8.71;Melle
80000.0;828;581.55;20.23;Amiens
80080.0;37;483.03;17.8;Amiens
80090.0;22;553.95;20.81;Amiens
80100.0;42;638.71;13.92;Abbeville
80136.0;15;530.0;15.59;Rivery
80300.0;5;464.4;13.01;Albert
80330.0;15;412.0;18.73;Longueau
80480.0;1;437.0;13.66;Pont-de-Metz
80650.0;1;1250.0;7.18;Vignacourt
81000.0;301;570.32;14.46;Albi
81090.0;5;489.6;11.26;Lagarrigue
81100.0;307;580.91;11.91;Castres
81200.0;11;515.45;9.64;Mazamet
81290.0;6;280.0;14.0;Labruguiere
81300.0;6;552.33;10.24;Graulhet
81400.0;12;465.33;11.8;Carmaux
81500.0;21;619.29;10.21;Lavaur
81600.0;11;568.18;12.93;Gaillac
82000.0;216;632.52;14.0;Montauban
82100.0;11;567.91;12.63;Castelsarrasin
82170.0;2;950.0;9.25;
82200.0;6;595.17;10.46;Moissac
82300.0;7;674.29;8.99;Caussade
82400.0;1;500.0;7.69;Valence
82600.0;1;667.0;8.44;
83000.0;385;719.64;19.51;Toulon
83100.0;36;668.61;21.39;Toulon
83110.0;45;1021.62;20.68;Sanary-sur-Mer
83120.0;27;1206.56;28.49;Sainte-Maxime
83130.0;65;672.82;20.7;La Garde
83140.0;60;950.95;20.86;Six-Fours-les-Plages
83150.0;15;1908.8;26.12;Bandol
83160.0;38;804.95;19.39;La Valette-du-Var
83170.0;78;715.42;14.55;Brignoles
83190.0;42;615.4;18.23;Ollioules
83200.0;74;760.5;18.77;Toulon
83210.0;13;1010.62;29.75;Sollies-Pont
83220.0;2;694.5;18.53;
83230.0;4;722.0;18.24;Bormes-les-Mimosas
83240.0;4;869.5;22.43;Cavalaire-sur-Mer
83250.0;6;823.33;18.29;La Londe-les-Maures
83260.0;6;903.67;21.49;La Crau
83270.0;5;2879.0;27.83;Saint-Cyr-sur-Mer
83300.0;68;714.72;15.01;Draguignan
83310.0;8;937.38;17.91;Cogolin
83320.0;6;1054.67;19.66;Carqueiranne
83330.0;7;790.57;16.34;Le Beausset
83340.0;15;667.93;15.67;Le Luc
83370.0;14;889.07;22.66;Saint-Aygulf
83380.0;3;1034.33;22.77;Roquebrune-sur-Argens
83390.0;11;670.73;16.2;Cuers
83400.0;93;993.43;19.88;Hyeres
83420.0;1;1400.0;34.15;
83430.0;1;655.0;20.47;
83470.0;14;877.64;17.42;Saint-Maximin-la-Sainte-Baume
83480.0;4;1339.5;18.74;Puget-sur-Argens
83490.0;5;693.0;17.27;Le Muy
83500.0;85;779.73;18.15;La Seyne-sur-Mer
83520.0;4;1191.25;15.51;Roquebrune-sur-Argens
83530.0;11;1281.0;24.07;Saint-RaphaÃ«l
83550.0;9;619.89;15.68;Vidauban
83600.0;38;866.89;20.25;Frejus
83640.0;1;702.0;16.71;
83700.0;42;1070.4;19.37;Saint-RaphaÃ«l
83720.0;1;641.0;10.17;
83830.0;1;670.0;13.67;
83860.0;2;480.0;22.45;
83920.0;1;680.0;19.43;
84000.0;543;742.95;17.94;Avignon
84120.0;39;760.69;16.91;Pertuis
84130.0;23;660.22;14.25;Le Pontet
84140.0;41;653.8;18.07;Avignon
84170.0;22;791.91;13.6;Monteux
84200.0;89;621.31;12.16;Carpentras
84210.0;4;824.75;14.04;Pernes-les-Fontaines
84250.0;3;707.67;12.25;Le Thor
84270.0;9;869.44;13.42;Vedene
84300.0;125;653.22;13.18;Cavaillon
84310.0;2;672.5;12.13;Morieres-les-Avignon
84350.0;6;562.0;11.05;Courthezon
84400.0;12;534.92;13.61;Apt
84440.0;1;826.0;9.95;Robion
84500.0;20;564.7;10.06;Bollene
84510.0;2;646.5;11.65;Caumont sur Durance
84600.0;10;516.9;9.41;Valreas
84700.0;47;671.04;12.21;Sorgues
84800.0;45;951.49;15.47;L'Isle-sur-la-Sorgue
85000.0;255;544.7;17.28;La Roche-sur-Yon
85100.0;116;777.88;16.18;Les Sables-d'Olonne
85130.0;1;390.0;39.0;
85160.0;3;803.33;16.52;Saint-Jean-de-Monts
85180.0;12;693.75;14.39;Les Sables-d'Olonne
85190.0;4;790.0;13.15;Aizenay
85200.0;21;508.1;14.53;Fontenay-le-Comte
85220.0;1;850.0;7.94;La Chapelle-Hermier
85270.0;2;572.0;17.09;Saint-Hilaire-de-Riez
85300.0;45;810.02;16.88;Froidfond
85340.0;27;810.81;13.63;Olonne-sur-Mer
85400.0;4;700.5;18.11;
85520.0;1;600.0;13.33;Saint-Vincent-sur-Jard
85600.0;10;719.6;15.11;Montaigu
85800.0;20;752.4;14.16;Saint-Gilles-Croix-de-Vie
86000.0;961;551.39;17.09;Poitiers
86100.0;122;519.81;12.47;Chatellerault
86130.0;11;541.36;16.47;Jaunay-Clan
86180.0;17;543.29;15.39;Buxerolles
87000.0;792;533.64;13.85;Limoges
87100.0;104;554.88;13.4;Limoges
87200.0;6;493.33;9.73;Saint-Junien
87280.0;2;830.0;10.51;Limoges
88000.0;159;548.19;12.86;Epinal
88100.0;84;482.6;11.55;Saint-Die-des-Vosges
88120.0;1;890.0;9.27;
88160.0;4;488.75;7.96;Le Thillot
88190.0;3;423.33;13.18;Golbey
88200.0;4;492.5;10.59;Remiremont
88370.0;2;550.0;11.8;
89000.0;103;658.45;13.52;Auxerre
89100.0;108;658.93;14.33;Paron
89240.0;4;984.25;10.6;Chevannes
89300.0;3;566.67;16.61;Joigny
89400.0;5;538.0;12.04;Migennes
89500.0;2;455.0;8.94;
90000.0;303;562.35;13.43;Belfort
90100.0;1;915.0;11.02;Delle
91000.0;272;744.21;20.92;Evry-Courcouronnes
91100.0;255;813.58;22.79;Corbeil-Essonnes
91120.0;166;952.76;27.51;Palaiseau
91130.0;46;943.52;20.43;Ris-Orangis
91150.0;72;763.93;18.07;Etampes
91160.0;25;809.72;26.95;Longjumeau
91170.0;62;884.26;20.64;Viry-Chatillon
91190.0;62;973.56;27.66;Gif-sur-Yvette
91200.0;112;1044.46;20.94;Athis-Mons
91210.0;25;1110.24;21.02;Draveil
91220.0;53;874.19;19.83;Bretigny-sur-Orge
91230.0;21;1037.05;22.27;Montgeron
91240.0;19;847.68;20.8;Saint-Michel-sur-Orge
91250.0;1;990.0;15.23;Saintry sur Seine
91260.0;181;1103.7;22.21;Juvisy-sur-Orge
91270.0;39;950.44;22.18;Vigneux-sur-Seine
91280.0;2;1092.5;14.39;Saint-Pierre-du-Perray
91290.0;19;908.37;18.49;Arpajon
91300.0;231;948.19;24.51;Massy
91320.0;3;887.0;26.13;Wissous
91330.0;25;1064.48;20.79;Yerres
91350.0;19;928.79;19.41;Grigny
91360.0;1;1155.0;18.05;Epinay-sur-Orge
91370.0;8;1178.25;24.41;Verrieres-le-Buisson
91380.0;25;813.76;24.52;Chilly-Mazarin
91400.0;150;856.61;33.2;Orsay
91410.0;10;994.3;19.81;Dourdan
91420.0;14;937.93;22.58;Morangis
91470.0;14;797.93;19.51;Forges-les-Bains
91540.0;35;913.06;19.68;Mennecy
91600.0;73;882.12;23.0;Savigny-sur-Orge
91620.0;1;560.0;26.67;La Ville-du-Bois
91680.0;8;1244.88;16.75;Bruyeres-le-Chatel
91700.0;56;873.14;19.9;Villiers-sur-Orge
91800.0;25;978.64;21.81;Brunoy
91940.0;24;707.17;25.34;Les Ulis
92000.0;359;1328.21;30.11;Nanterre
92012.0;1;2000.0;35.71;Boulogne-Billancourt
92014.0;1;1800.0;22.5;Nanterre
92100.0;559;1638.97;36.88;Boulogne-Billancourt
92110.0;334;1605.05;34.19;Clichy
92120.0;180;1323.1;31.89;Montrouge
92130.0;216;1485.36;32.95;Issy-les-Moulineaux
92140.0;221;1539.97;27.12;Clamart
92150.0;224;1687.81;30.97;Suresnes
92160.0;193;1307.33;27.1;Antony
92170.0;55;1503.07;31.9;Vanves
92190.0;112;1555.8;28.28;Meudon
92200.0;476;2993.09;43.08;Neuilly-sur-Seine
92210.0;179;2040.03;30.62;Saint-Cloud
92220.0;65;1202.82;29.57;Bagneux
92230.0;58;1162.31;28.76;Gennevilliers
92240.0;66;1505.35;32.35;Malakoff
92250.0;93;1386.41;31.38;La Garenne-Colombes
92260.0;62;1247.48;28.87;Fontenay-aux-Roses
92270.0;55;1270.8;30.27;Bois-Colombes
92290.0;146;1372.71;24.98;Chatenay-Malabry
92300.0;328;1706.83;39.74;Levallois-Perret
92310.0;64;1807.25;28.47;Sevres
92320.0;85;1275.71;28.96;Chatillon
92330.0;67;1545.93;31.52;Sceaux
92340.0;57;1315.33;30.73;Bourg-la-Reine
92350.0;62;1342.44;25.6;Le Plessis-Robinson
92360.0;41;1184.39;24.65;Meudon-la-foret
92370.0;54;1349.93;26.71;Chaville
92380.0;29;1496.17;32.39;Garches
92390.0;19;1306.95;22.27;Villeneuve-la-Garenne
92400.0;509;1485.98;33.65;Courbevoie
92410.0;34;1759.91;24.92;Ville-d'Avray
92500.0;380;1513.29;27.66;Rueil-Malmaison
92600.0;381;1380.43;31.1;Asnieres-sur-Seine
92700.0;324;1234.49;29.02;Colombes
92800.0;265;1563.91;37.81;Puteaux
93000.0;142;1167.33;23.79;Bobigny
93100.0;246;1179.35;29.54;Montreuil
93110.0;143;948.08;27.32;Rosny-sous-Bois
93120.0;40;1215.92;21.3;La Courneuve
93130.0;51;1052.88;20.74;Noisy-le-Sec
93140.0;64;995.38;23.85;Bondy
93150.0;178;1124.39;23.43;Le Blanc-Mesnil
93160.0;217;874.94;26.92;Noisy-le-Grand
93170.0;128;1217.06;26.82;Bagnolet
93190.0;159;1007.45;21.97;Livry-Gargan
93200.0;209;1041.66;25.68;Saint-Denis
93210.0;41;1115.71;32.98;Saint-Denis
93220.0;129;1011.15;24.72;Gagny
93230.0;73;1284.71;24.93;Romainville
93240.0;37;885.08;29.02;Stains
93250.0;95;1143.13;23.09;Villemomble
93260.0;47;1383.64;28.16;Les Lilas
93270.0;68;935.81;22.51;Sevran
93290.0;38;942.0;22.58;Tremblay-en-France
93300.0;188;1168.39;23.3;Aubervilliers
93310.0;17;1273.76;30.04;Le Pre-Saint-Gervais
93320.0;53;1113.91;25.87;Les Pavillons-sous-Bois
93330.0;60;1018.58;23.19;Neuilly-sur-Marne
93340.0;71;1155.24;24.16;Le Raincy
93350.0;39;1080.33;25.87;Le Bourget
93360.0;66;1053.56;26.79;Neuilly-Plaisance
93370.0;33;979.03;21.17;Montfermeil
93380.0;48;924.96;29.24;Pierrefitte-sur-Seine
93390.0;21;862.95;21.71;Clichy-sous-Bois
93400.0;153;1527.9;27.54;Saint-Ouen
93420.0;50;937.08;24.16;Villepinte
93430.0;6;858.17;21.18;Villetaneuse
93440.0;1;760.0;29.23;Dugny
93450.0;4;1038.75;27.51;L'Ile-Saint-Denis
93460.0;9;901.33;25.85;Gournay-sur-Marne
93500.0;133;1378.03;26.86;Pantin
93600.0;141;1007.14;22.62;Aulnay-sous-Bois
93700.0;154;945.81;27.07;Drancy
93800.0;55;933.6;28.88;Epinay-sur-Seine
94000.0;322;1000.57;26.34;Creteil
94058.0;1;850.0;26.56;Le Perreux-sur-Marne
94100.0;210;1178.67;26.64;Saint-Maur-des-Fosses
94110.0;45;1441.82;28.4;Arcueil
94120.0;163;1220.92;27.92;Fontenay-sous-Bois
94130.0;156;1279.87;30.05;Nogent-sur-Marne
94140.0;151;1131.51;27.9;Alfortville
94160.0;34;1550.56;36.94;Saint-Mande
94170.0;247;1238.71;26.08;Le Perreux-sur-Marne
94190.0;51;929.94;26.53;Villeneuve-Saint-Georges
94200.0;189;1114.66;34.27;Ivry-sur-Seine
94205.0;1;1071.0;36.93;Ivry-sur-Seine
94210.0;73;1240.1;28.54;Saint-Maur-des-Fosses
94220.0;54;1270.85;35.56;Charenton-le-Pont
94230.0;64;1178.28;28.48;Cachan
94240.0;64;1203.91;28.57;L'HaÃ¿-les-Roses
94250.0;46;1279.22;30.69;Gentilly
94260.0;32;912.12;24.2;Fresnes
94270.0;53;1190.17;33.66;Le Kremlin-Bicetre
94290.0;25;1028.52;24.08;Villeneuve-le-Roi
94300.0;167;1380.89;38.68;Vincennes
94310.0;18;1135.89;25.45;Orly
94320.0;76;1108.04;25.44;Thiais
94340.0;46;1265.24;28.45;Joinville-le-Pont
94350.0;73;1008.03;24.81;Villiers-sur-Marne
94360.0;41;1083.59;23.65;Bry-sur-Marne
94370.0;26;1286.62;20.34;Sucy-en-Brie
94380.0;11;1134.09;20.65;Bonneuil-sur-Marne
94400.0;218;1007.85;30.26;Vitry-sur-Seine
94410.0;44;1277.64;29.06;Saint-Maurice
94420.0;49;1036.59;21.55;Le Plessis-Trevise
94430.0;39;1222.51;22.51;Chennevieres-sur-Marne
94440.0;5;788.0;22.47;Villecresnes
94450.0;62;1003.03;24.04;Limeil-Brevannes
94460.0;4;1052.0;15.65;Valenton
94470.0;20;933.7;22.77;Boissy-Saint-Leger
94500.0;173;1070.38;23.14;Champigny-sur-Marne
94520.0;6;862.5;23.49;Mandres-les-Roses
94550.0;22;1160.68;27.29;Chevilly-Larue
94600.0;135;979.68;26.77;Choisy-le-Roi
94700.0;186;1126.45;28.55;Maisons-Alfort
94800.0;226;1207.11;33.38;Villejuif
95000.0;394;852.91;25.42;Cergy
95014.0;3;796.0;44.22;Pontoise
95100.0;255;1033.16;23.72;Argenteuil
95110.0;26;1134.19;18.88;Sannois
95120.0;30;1101.2;21.39;Ermont
95130.0;61;1106.49;22.12;Franconville
95140.0;22;1042.95;21.88;Garges-les-Gonesse
95150.0;18;856.61;23.73;Taverny
95160.0;56;1075.25;22.98;Montmorency
95170.0;45;1041.24;24.45;Deuil-la-Barre
95180.0;2;1158.5;22.04;Menucourt
95190.0;17;829.35;22.48;Goussainville
95200.0;31;875.13;24.69;Sarcelles
95210.0;23;1078.26;24.75;Ermont
95220.0;17;1069.53;21.5;Herblay
95230.0;18;1073.83;22.69;Soisy-sous-Montmorency
95240.0;24;1118.17;22.58;Cormeilles-en-Parisis
95250.0;1;860.0;20.48;Beauchamp
95270.0;2;717.5;22.38;Viarmes
95290.0;19;1023.53;23.47;L'Isle-Adam
95300.0;137;801.37;25.47;Pontoise
95310.0;35;939.09;21.96;Saint-Ouen-l'Aumone
95320.0;13;969.0;25.0;Saint-Leu-la-Foret
95330.0;13;818.54;25.09;Domont
95350.0;23;985.43;23.56;Saint-Brice-sous-Foret
95360.0;9;1080.67;22.47;Montmagny
95370.0;14;1125.86;19.92;Montigny-les-Cormeilles
95410.0;1;700.0;43.75;Groslay
95420.0;4;692.5;16.48;Magny-en-Vexin
95490.0;6;700.0;21.11;Vaureal
95500.0;12;1093.33;19.62;Gonesse
95520.0;12;1354.83;20.94;Osny
95530.0;2;1027.5;24.46;La Frette-sur-Seine
95600.0;24;1153.92;19.92;Eaubonne
95800.0;65;834.43;23.6;Cergy
95870.0;78;1103.99;25.44;Bezons
95880.0;24;1256.96;25.98;Enghien-les-Bains
97111.0;3;1350.0;13.99;Morne-Ã -l'Eau
97200.0;28;832.43;19.64;Fort-de-France
97290.0;1;850.0;19.77;Le Marin
97300.0;51;1072.18;19.67;Cayenne
97400.0;22;1022.64;20.66;Saint-Denis
97411.0;5;1650.6;18.78;Saint-Paul
97417.0;4;1066.5;16.78;Saint-Denis
97418.0;1;800.0;11.11;Le Tampon
97422.0;1;1990.0;11.37;La Saline
97424.0;9;1186.89;17.3;Piton Saint-Leu
97430.0;30;805.67;17.23;Le Tampon
97434.0;10;1939.7;24.59;Saint-Gilles les Bains
97435.0;1;1171.0;10.55;Saint-Gilles les Hauts
97436.0;10;1509.9;18.32;Saint-Leu
97460.0;8;1247.62;16.44;Saint-Paul
97490.0;25;766.44;22.08;Saint-Denis
99000.0;3;1700.0;70.83;Paris
