code_postal;nb_annonces;loyer_median;loyer_moyen;loyer_m2_median;surface_moy;ville_principale
0;22;795.0;929.4;19.3;51.3;Cayenne
1000;1;420.0;420.0;38.2;11.0;Bourg-En-Bresse
1480;5;699.0;823.2;13.7;61.2;Jassans-Riottier
1570;1;480.0;480.0;13.7;35.0;Feillens
1750;6;720.0;691.7;9.6;75.2;Saint-Laurent-Sur-Saã´Ne
2110;1;650.0;650.0;14.4;45.0;
2500;5;580.0;542.0;10.7;58.6;Hirson
6000;16;900.0;1117.1;27.5;36.5;Nice
6100;4;787.5;793.8;32.1;27.2;Nice
6150;4;840.0;980.0;27.4;45.2;Cannes
6160;14;970.0;994.3;24.3;43.4;Antibes
6200;14;878.5;962.3;27.1;39.6;Nice
6300;9;800.0;1105.4;29.1;38.4;Nice
6400;23;1150.0;1508.7;35.8;44.5;Cannes
6600;12;1182.5;1238.8;24.4;48.8;Antibes
7400;6;683.0;693.0;9.9;63.3;Meysse
10000;588;504.0;568.5;13.9;43.6;Troyes
10100;11;490.0;523.0;8.4;61.8;Romilly-Sur-Seine
10120;26;462.0;583.8;12.4;58.6;Saint-Andre-Les-Vergers
10190;1;690.0;690.0;7.8;88.0;Estissac
10300;19;550.0;610.4;12.2;54.9;Sainte-Savine
10700;1;780.0;780.0;5.4;144.0;Villiers-Herbisse
11000;163;530.0;584.4;11.8;52.7;Carcassonne
11100;279;550.0;597.5;13.3;46.8;Narbonne
11130;5;1037.0;1037.0;9.3;112.0;Sigean
11170;2;683.0;683.0;7.0;100.5;Alzonne
11200;6;460.0;549.8;9.7;57.7;Lezignan-Corbieres
11250;5;520.0;490.0;6.9;60.0;Leuc
11260;1;750.0;750.0;8.3;90.0;Esperaza
11290;1;650.0;650.0;10.3;63.0;Roullens
11300;8;552.5;575.0;6.6;81.6;Limoux
11400;24;460.0;569.5;10.9;58.8;Castelnaudary
11570;1;430.0;430.0;17.2;25.0;Cavanac
11600;2;515.0;515.0;9.0;59.0;Conques Sur Orbiel
11610;2;600.0;600.0;8.5;71.0;Ventenac Cabardes
12000;194;490.0;553.9;13.1;46.2;Rodez
12100;48;502.5;555.5;11.1;53.5;Millau
12200;34;615.0;621.7;10.6;59.2;Villefranche-De-Rouergue
12400;8;512.0;489.6;8.1;59.4;
12450;1;500.0;500.0;9.1;55.0;Luc-La-Primaube
12850;32;450.0;466.9;12.3;38.9;Onet Le Chateau
13001;227;750.0;885.6;20.6;48.6;Marseille
13002;145;839.0;906.4;20.9;47.5;Marseille 2
13003;164;652.5;709.3;17.5;47.5;Marseille 3
13004;179;700.0;820.9;19.2;45.6;Marseille 4
13005;263;690.0;765.2;22.4;39.5;Marseille 5
13006;243;880.0;1002.9;21.6;50.4;Marseille 6
13007;156;910.0;1439.9;24.9;56.1;Marseille 7
13008;356;1100.0;1577.9;22.9;69.2;Marseille 8
13009;261;980.0;972.8;18.5;52.8;Marseille 9
13010;209;765.0;805.9;18.8;46.0;Marseille 10
13011;58;872.0;1098.1;17.7;64.2;Marseille
13012;127;925.0;1158.5;19.0;61.0;Marseille 12
13013;128;882.0;886.7;17.5;54.5;Marseille 13
13014;59;770.0;806.7;16.5;48.8;Marseille
13015;36;705.0;710.3;16.4;48.1;Marseille 15Eme
13016;27;725.0;924.7;20.0;53.1;Marseille
13080;52;895.0;1167.8;24.7;49.5;Aix-En-Provence
13090;117;850.0;992.4;24.9;45.3;Aix-En-Provence
13100;339;836.0;994.4;24.3;42.8;Aix En Provence
13103;3;1085.0;1008.3;13.4;80.3;Saint-Etienne-Du-Gres
13104;11;730.0;803.6;15.8;48.2;Arles
13109;3;880.0;852.7;11.6;70.7;Simiane-Collongue
13110;31;680.0;690.8;16.2;44.5;Port-De-Bouc
13111;1;904.0;904.0;15.9;57.0;Coudoux
13117;3;590.0;721.0;15.4;44.0;Martigues
13120;20;704.5;722.0;19.8;41.4;Gardanne
13122;1;3700.0;3700.0;24.7;150.0;Ventabren
13127;15;1050.0;1120.1;17.2;62.3;Vitrolles
13130;6;1050.0;1118.3;16.5;72.3;Berre-L'Etang
13140;24;750.0;763.1;14.1;51.5;Miramas
13150;11;645.0;689.2;11.5;70.9;Tarascon
13160;21;809.0;823.0;11.4;75.7;Chateaurenard
13170;9;820.0;961.8;21.7;53.3;Les Pennes-Mirabeau
13190;9;789.0;1025.0;17.1;57.9;Allauch
13200;129;745.0;784.1;14.1;57.7;Arles
13210;18;819.5;1004.8;18.2;56.4;Saint-Remy-De-Provence
13220;3;850.0;866.7;16.1;53.7;Chateauneuf-Les-Martigues
13260;1;3200.0;3200.0;43.2;74.0;Cassis
13270;25;681.0;715.0;17.6;45.9;Fos-Sur-Mer
13280;5;1400.0;1540.0;16.9;126.4;Raphele-Les-Arles
13290;5;820.0;1068.0;21.7;50.6;Les Milles
13300;63;675.0;737.0;14.7;49.5;Salon-De-Provence
13310;5;780.0;746.4;15.3;46.4;Saint-Martin-De-Crau
13320;15;1500.0;1500.0;16.5;91.0;Bouc-Bel-Air
13380;1;200.0;200.0;8.0;25.0;Plan-De-Cuques
13390;12;1085.0;1424.3;14.5;98.1;Auriol
13400;48;780.0;1264.7;17.9;61.4;Aubagne
13410;14;755.0;725.2;15.5;47.0;Lambesc
13420;1;4000.0;4000.0;22.2;180.0;Gemenos
13440;2;517.0;517.0;12.9;40.0;Cabannes
13480;1;2200.0;2200.0;16.7;132.0;Cabries
13500;21;800.0;793.3;16.7;48.9;Martigues
13520;1;950.0;950.0;19.4;49.0;
13530;5;860.0;980.0;17.6;55.4;Trets
13540;9;1103.0;1691.7;24.3;74.7;Puyricard
13590;1;1042.0;1042.0;20.4;51.0;
13600;44;829.5;1277.9;22.3;58.6;La Ciotat
13610;1;740.0;740.0;18.5;40.0;
13620;2;1850.0;1850.0;22.6;84.0;Carry-Le-Rouet
13660;3;550.0;793.3;16.1;54.3;Orgon
13670;4;925.0;882.8;9.4;92.8;Saint-Andiol
13700;19;777.0;807.3;15.6;49.3;Marignane
13720;2;685.0;685.0;21.7;34.0;
13750;1;920.0;920.0;11.5;80.0;Plan D Orgon
13760;15;755.0;755.0;13.2;57.0;St Cannat
13790;5;1470.0;1685.6;15.3;111.0;
13800;50;785.0;866.1;15.6;55.3;Istres
13890;1;700.0;700.0;20.0;35.0;
13960;1;1875.0;1875.0;20.8;90.0;Sausset-Les-Pins
14000;569;590.0;664.2;19.6;39.9;Caen
14100;35;690.0;736.9;11.8;63.5;Lisieux
14112;3;1331.0;1143.7;14.8;86.7;Bieville-Beuville
14120;5;794.0;784.2;12.1;57.2;Mondeville
14123;8;842.5;942.2;13.6;69.0;Ifs
14150;7;680.0;717.1;17.2;40.9;Ouistreham
14200;55;430.0;590.2;12.9;54.9;Herouville-Saint-Clair
14360;9;770.0;804.2;21.8;38.6;Trouville-Sur-Mer
14400;8;650.0;672.4;13.2;69.8;Bayeux
14500;6;420.0;441.2;11.6;40.0;Vire
14520;3;740.0;810.0;15.2;53.3;
14600;25;690.0;693.5;13.8;45.8;Honfleur
14700;7;580.0;582.7;13.6;42.0;Falaise
14730;1;1074.0;1074.0;16.8;64.0;
15000;84;447.5;501.1;10.7;49.1;Aurillac
15100;15;400.0;394.6;12.7;34.5;Saint-Flour
16000;280;535.5;596.3;13.8;50.7;Angouleme
16006;3;625.0;715.0;28.4;38.0;Angouleme
16100;103;650.0;707.2;11.6;68.2;Cognac
16150;1;545.0;545.0;6.8;80.0;Chabanais
16400;16;396.0;425.3;16.7;28.2;La Couronne
17000;305;720.0;838.5;21.6;41.4;La Rochelle
17100;43;625.0;646.5;11.3;58.3;Saintes
17137;4;671.0;915.5;16.5;57.8;L'Houmeau
17139;1;826.0;826.0;20.6;40.0;
17140;3;755.0;966.3;18.9;52.3;Lagord
17180;10;694.0;867.5;14.8;65.6;Perigny
17200;32;725.0;720.8;15.2;49.3;Royan
17300;56;587.5;606.0;15.6;44.2;Rochefort
17400;2;410.0;410.0;23.0;18.0;Saint-Jean-D'Angely
17410;1;691.0;691.0;19.7;35.0;Saint-Martin-De-Re
17440;4;815.0;856.5;16.7;62.5;Aytre
18000;265;580.0;652.8;13.8;52.0;Bourges
18100;92;480.0;504.2;9.8;51.0;Vierzon
18140;1;620.0;620.0;10.5;59.0;Herry
18150;1;595.0;595.0;8.9;67.0;Cuffy
18330;1;700.0;700.0;6.1;115.0;Nancay
19000;75;470.0;516.1;9.4;55.4;Tulle
19100;88;588.5;664.3;11.7;58.5;Brive-La-Gaillarde
19200;10;405.0;472.0;10.3;47.4;Ussel
19270;5;525.0;695.6;11.2;71.8;Ussac
20000;24;820.0;844.0;16.6;51.4;Ajaccio
20090;6;914.5;899.2;15.6;57.3;Ajaccio
20620;6;650.0;675.8;14.3;48.8;Biguglia
21000;957;580.0;631.8;17.2;39.8;Dijon
21200;47;700.0;693.6;14.3;51.1;Beaune
21800;15;720.0;720.0;10.0;72.0;Quetigny
21850;1;820.0;820.0;13.9;59.0;St Apollinaire
22000;198;525.0;579.2;12.5;51.6;Saint-Brieuc
22100;28;651.0;688.2;14.5;54.9;Dinan
22190;5;600.0;1510.0;15.0;106.0;Plerin
22200;9;400.0;438.0;14.3;48.3;Guingamp
22210;1;1080.0;1080.0;5.5;195.0;
22300;40;550.0;609.9;12.2;57.9;Lannion
22360;5;509.0;707.4;12.4;54.4;Langueux
22370;2;895.0;895.0;13.6;65.0;Pleneuf-Val-Andre
22400;7;650.0;710.7;12.2;64.6;Lamballe
22410;3;700.0;831.7;16.5;60.0;Saint Quay Portrieux
22430;1;640.0;640.0;15.2;42.0;Erquy
22490;1;770.0;770.0;15.7;49.0;
22520;1;1300.0;1300.0;11.8;110.0;Binic-Etables-Sur-Mer
22600;2;622.0;622.0;8.1;93.5;
22950;1;1251.0;1251.0;9.3;135.0;Tregueux
23000;2;430.0;430.0;8.2;52.5;Gueret
23150;1;630.0;630.0;6.0;105.0;
24000;306;500.0;558.8;13.0;45.0;Perigueux
24100;60;525.0;565.0;12.9;45.4;Bergerac
24110;3;600.0;553.3;8.0;78.3;Saint-Astier
24200;5;550.0;677.0;9.8;71.2;Sarlat-La-Caneda
24330;1;1500.0;1500.0;7.5;200.0;Bassillac Et Auberoche
24380;1;975.0;975.0;7.3;133.0;Creyssensac-Et-Pissot
24420;2;627.0;627.0;8.6;73.5;Sarliac-Sur-L'Isle
24430;4;615.0;535.0;10.3;51.0;Marsac-Sur-L'Isle
24660;7;590.0;572.9;15.5;51.7;Coulounieix-Chamiers
24750;11;550.0;589.6;11.0;56.6;Trelissac
25000;588;570.0;626.3;15.7;43.7;Besancon
25130;3;1500.0;1476.7;14.1;102.3;
25200;129;520.0;530.7;11.3;46.8;Montbeliard
25300;37;705.0;787.3;16.4;49.1;Pontarlier
25400;9;640.0;586.7;14.2;46.4;Audincourt
25500;8;842.5;889.4;16.1;76.1;Morteau
26000;354;590.0;624.3;13.5;48.3;Valence
26100;81;610.0;638.6;10.5;63.3;Romans-Sur-Isere
26110;12;612.0;591.4;8.7;68.6;Nyons
26120;1;950.0;950.0;12.7;75.0;
26140;1;551.0;551.0;8.5;65.0;Saint-Rambert-D'Albon
26190;2;392.5;392.5;10.5;37.5;Saint-Jean-En-Royans
26200;141;610.0;681.5;12.5;57.5;Montelimar
26260;1;680.0;680.0;12.8;53.0;Clerieux
26300;6;588.5;600.3;10.4;55.8;Bourg-De-Peage
26320;2;985.0;985.0;11.6;86.0;Saint-Marcel-Les-Valence
26400;4;937.5;911.2;10.1;96.0;Crest
26500;42;735.0;726.1;10.9;65.7;Bourg-Les-Valence
26600;8;538.0;644.4;12.1;56.8;Tain-L'Hermitage
26700;7;575.0;548.6;11.6;48.0;Pierrelatte
26740;9;850.0;856.4;10.1;87.0;Montboucher-Sur-Jabron
26780;3;870.0;790.3;11.2;71.0;Chateauneuf-Du-Rhone
27000;206;576.0;641.0;15.9;44.7;Evreux
27120;1;1200.0;1200.0;10.8;111.0;Le Val David
27140;6;730.5;720.3;12.9;55.5;Gisors
27180;2;1125.0;1125.0;9.2;121.5;Aulnay Sur Iton
27200;39;750.0;841.1;14.8;63.2;Vernon
27220;1;600.0;600.0;23.1;26.0;Saint-Andre-De-L'Eure
27300;24;675.0;709.9;11.2;68.5;Bernay
27400;50;859.0;857.0;12.2;71.3;Louviers
27490;1;1450.0;1450.0;14.2;102.0;Cailly-Sur-Eure
27500;21;550.0;563.9;12.7;45.0;Pont-Audemer
27930;5;1250.0;1143.6;10.7;110.8;Cierrey
28000;218;682.5;711.8;14.5;51.2;Chartres
28100;48;700.0;699.4;13.2;54.9;Dreux
28110;43;620.0;647.5;12.8;51.6;Luce
28130;2;797.5;797.5;12.9;62.0;Pierres
28200;5;415.0;423.0;15.6;40.0;Chateaudun
28300;7;650.0;685.0;14.8;51.3;Mainvilliers
28400;3;360.0;431.7;14.4;33.3;Nogent-Le-Rotrou
28600;5;620.0;722.0;14.1;48.0;Luisant
28630;2;710.0;710.0;11.1;64.0;Le Coudray
29000;141;540.0;602.5;15.3;43.5;Quimper
29100;6;554.5;692.2;10.4;69.8;Douarnenez
29120;5;458.0;625.4;11.8;49.0;Pont-L'Abbe
29150;1;535.0;535.0;12.7;42.0;Chateaulin
29200;843;570.0;640.8;14.1;50.9;Brest
29260;1;950.0;950.0;8.6;110.0;
29300;4;912.5;868.8;10.6;97.2;Quimperle
29400;7;490.0;530.0;15.2;39.9;Landivisiau
29470;1;500.0;500.0;16.1;31.0;Plougastel-Daoulas
29600;7;450.0;493.0;15.4;35.7;Morlaix
29720;4;900.0;921.2;10.9;84.2;
29730;1;595.0;595.0;10.3;58.0;
29750;1;320.0;320.0;21.3;15.0;
29900;5;750.0;803.6;14.2;59.4;Concarneau
29950;1;890.0;890.0;7.0;127.0;
30000;538;570.0;628.5;15.6;44.5;Nimes
30100;192;575.0;608.4;11.2;55.8;Ales
30128;2;960.0;960.0;12.3;80.0;Garons
30130;22;550.0;552.3;9.4;60.5;Pont-Saint-Esprit
30133;19;690.0;726.2;14.2;51.1;Les Angles
30200;70;550.0;594.4;11.9;50.4;Bagnols-Sur-Ceze
30240;6;695.0;645.3;22.1;30.7;Le Grau-Du-Roi
30300;23;670.0;774.6;12.2;66.3;Beaucaire
30330;1;500.0;500.0;13.5;37.0;
30400;16;787.0;782.0;14.4;54.3;Villeneuve-Les-Avignon
30510;4;1185.0;1185.0;9.4;124.5;Generac
30600;9;723.0;753.4;14.4;56.1;Vauvert
30620;2;1420.0;1420.0;15.0;95.0;Bernis
30640;1;1290.0;1290.0;10.1;128.0;Beauvoisin
30650;3;1080.0;1183.3;10.8;110.3;Rochefort-Du-Gard
30660;1;760.0;760.0;7.6;100.0;Gallargues-Le-Montueux
30700;15;660.0;689.5;14.2;47.9;Uzes
30730;1;2000.0;2000.0;12.0;167.0;Saint-Mamert-Du-Gard
30800;1;450.0;450.0;18.8;24.0;
30900;119;540.0;633.7;15.0;45.9;Nimes
31000;311;700.0;812.9;22.6;38.7;Toulouse
31100;7;612.0;687.3;14.9;49.7;Toulouse
31130;16;757.0;829.3;16.7;53.5;Balma
31140;50;693.5;866.6;13.1;65.6;Launaguet
31150;3;738.0;713.3;11.7;57.0;Bruguieres
31170;48;835.0;1005.2;13.5;80.3;Tournefeuille
31190;8;652.5;661.0;12.8;49.8;Auterive
31200;25;780.0;758.7;14.7;52.6;Toulouse
31240;19;850.0;913.5;14.4;67.1;Saint-Jean
31250;21;497.0;542.8;9.1;58.0;Revel
31270;49;765.0;824.3;12.1;66.8;Cugnaux
31300;19;834.0;815.1;18.5;48.5;Toulouse
31320;49;576.0;571.3;16.1;38.8;Castanet-Tolosan
31330;5;920.0;1154.0;10.0;123.8;Grenade
31390;4;583.5;651.8;11.2;57.5;Carbonne
31400;37;760.0;775.4;18.7;45.8;Toulouse
31440;2;575.0;575.0;8.4;69.0;Saint-Beat
31490;14;632.5;745.2;13.0;64.9;Leguevin
31500;15;849.0;798.3;16.1;49.3;Toulouse
31520;50;670.5;785.2;14.8;52.3;Ramonville-Saint-Agne
31550;2;725.0;725.0;8.9;99.0;Gaillac-Toulza
31600;63;726.0;723.4;11.8;63.5;Muret
31650;21;795.0;887.6;14.1;65.0;Saint-Orens-De-Gameville
31700;66;749.5;812.7;12.9;63.5;Blagnac
31770;47;721.0;819.0;13.3;64.8;Colomiers
31780;17;847.0;940.5;12.3;87.1;Castelginest
31790;4;723.0;723.2;11.9;63.5;
31800;42;537.5;523.8;9.7;57.8;Saint-Gaudens
31830;21;799.0;915.7;13.7;72.0;Plaisance-Du-Touch
31840;2;740.0;740.0;13.1;56.5;
32000;83;500.0;544.3;12.5;46.6;Auch
32130;3;400.0;420.0;13.5;32.7;Samatan
32600;7;763.0;729.1;10.9;65.0;
33000;590;810.5;924.1;22.9;44.0;Bordeaux
33100;38;695.0;743.7;30.2;38.8;Bordeaux
33110;41;950.0;1133.7;17.6;66.3;Le Bouscat
33113;1;1350.0;1350.0;7.5;180.0;Saint-Symphorien
33115;2;4300.5;4300.5;54.3;60.5;La Teste-De-Buch
33120;15;1270.0;1277.9;20.0;63.6;Arcachon
33130;42;768.5;947.7;17.4;58.5;Begles
33138;1;997.0;997.0;23.2;43.0;
33140;48;609.0;719.4;21.5;38.1;Villenave-D'Ornon
33150;53;569.0;670.6;13.5;56.9;Cenon
33160;21;1125.0;1328.9;14.9;91.7;Saint-Medard-En-Jalles
33170;44;645.0;802.8;20.9;40.2;Gradignan
33185;1;1296.0;1296.0;19.6;66.0;Le Haillan
33190;4;617.0;611.0;9.5;65.5;La Reole
33200;30;901.5;1168.6;19.7;65.0;Bordeaux
33210;6;775.0;726.3;11.5;65.8;Langon
33230;11;655.0;628.7;13.3;53.2;Coutras
33240;33;670.0;767.7;13.5;58.5;Saint-Andre-De-Cubzac
33260;17;1100.0;1196.4;16.2;77.8;La Teste-De-Buch
33270;25;912.0;925.4;13.6;69.1;Floirac
33290;5;1295.0;1490.8;10.2;155.6;
33300;72;799.0;896.6;22.7;47.4;Bordeaux
33310;147;649.0;713.8;15.0;47.8;Lormont
33320;13;1036.0;1047.5;15.2;65.1;Eysines
33380;4;1029.0;1127.0;15.9;76.2;Biganos
33390;30;630.0;665.2;11.7;66.6;Blaye
33400;296;630.0;761.9;24.0;42.4;Talence
33440;9;700.0;788.7;15.1;59.7;Ambares-Et-Lagrave
33470;19;900.0;1033.2;15.0;66.8;Gujan-Mestras
33500;74;752.0;774.0;13.7;64.8;Libourne
33510;5;1382.0;1201.0;16.2;81.8;Andernos-Les-Bains
33520;21;781.0;923.2;14.8;60.1;Bruges
33550;2;605.0;605.0;15.3;39.5;Paillet
33600;226;590.0;729.2;26.2;41.0;Pessac
33700;146;750.0;854.6;18.2;52.2;Merignac
33750;1;1002.0;1002.0;11.8;85.0;Saint-Germain-Du-Puch
33800;135;733.0;855.9;20.2;45.3;Bordeaux
33810;2;718.5;718.5;10.8;66.5;Ambes
33980;2;756.5;756.5;12.9;58.5;
34000;387;687.0;781.2;21.0;41.0;Montpellier
34024;1;594.0;594.0;33.0;18.0;Montpellier
34070;120;688.5;711.1;18.3;42.8;Montpellier
34080;74;580.0;657.4;17.8;39.1;Montpellier
34090;129;530.0;608.2;22.7;31.0;Montpellier
34110;28;762.0;875.5;15.1;62.9;Frontignan
34120;45;510.0;553.0;11.9;47.5;Pezenas
34130;37;749.0;908.5;18.4;51.9;Mauguio
34140;10;890.0;903.0;14.0;65.4;Meze
34150;7;700.0;814.6;12.7;67.6;Gignac
34170;59;740.0;795.6;19.0;45.2;Castelnau-Le-Lez
34200;40;630.0;762.4;16.7;47.5;Sete
34250;21;670.0;721.5;17.8;41.2;Palavas-Les-Flots
34280;25;600.0;627.2;24.1;27.5;La Grande-Motte
34300;58;653.5;705.5;14.6;49.8;Agde
34320;2;600.0;600.0;14.1;42.0;Roujan
34340;1;1076.0;1076.0;11.7;92.0;Marseillan
34400;33;690.0;786.9;14.8;54.7;Lunel
34410;21;816.0;875.7;13.7;65.3;Serignan
34420;1;595.0;595.0;11.2;53.0;
34430;26;619.0;827.0;13.5;56.7;Saint-Jean-De-Vedas
34470;9;670.0;833.1;19.2;44.4;Perols
34500;467;560.0;604.8;12.2;52.1;Beziers
34600;18;417.5;426.3;9.6;41.8;Bedarieux
34700;5;395.0;428.8;12.7;32.6;Lodeve
34790;16;545.0;787.4;18.4;50.2;Grabels
34800;10;609.5;606.8;14.3;45.2;Clermont-L'Herault
34970;52;984.5;947.5;17.5;53.4;Lattes
34990;19;735.0;779.4;17.5;44.6;Juvignac
35000;669;619.0;749.9;22.0;40.5;Rennes
35135;5;1044.0;989.4;12.6;78.0;Chantepie
35136;13;569.0;799.4;11.0;67.8;Saint-Jacques-De-La-Lande
35170;22;490.5;596.2;22.9;35.0;Bruz
35200;66;500.0;623.8;15.7;50.2;Rennes
35230;3;645.0;815.0;13.7;58.7;Noyal-Chatillon-Sur-Seiche
35235;3;1350.0;1224.7;11.4;109.3;Thorigne-Fouillard
35300;45;620.0;610.6;10.2;55.9;Fougeres
35400;42;775.0;805.6;14.5;53.5;Saint-Malo
35470;8;504.0;597.1;12.0;57.9;Bain-De-Bretagne
35500;35;703.0;736.7;11.3;72.7;Vitre
35510;31;774.0;836.1;13.1;71.7;Cesson-Sevigne
35600;5;680.0;705.4;9.1;85.2;Redon
35700;38;659.5;775.4;20.8;42.2;Rennes
35740;4;1790.0;1707.8;12.7;134.5;
35800;7;850.0;970.7;18.2;59.1;Dinard
35830;2;1102.5;1102.5;10.4;108.5;Betton
36000;100;570.0;592.8;11.6;54.8;Chateauroux
37000;635;565.0;626.8;19.4;37.0;Tours
37100;79;550.0;601.2;14.7;42.6;Tours
37120;9;450.0;454.4;7.0;58.1;Richelieu
37170;30;407.0;452.9;25.4;27.3;Chambray-Les-Tours
37190;2;419.0;419.0;17.2;24.5;Azay-Le-Rideau
37200;43;460.0;614.3;13.9;49.2;Tours
37230;1;1550.0;1550.0;7.8;198.0;Fondettes
37250;4;728.0;657.8;14.5;45.8;
37260;1;915.0;915.0;9.5;96.0;Monts
37300;80;557.5;616.2;16.6;41.2;Joue-Les-Tours
37400;16;735.0;687.9;15.0;50.8;Amboise
37520;34;627.0;652.6;15.7;44.6;La Riche
37540;28;685.5;778.3;14.3;57.0;Saint-Cyr-Sur-Loire
37550;4;1120.5;1122.8;11.0;97.5;Saint-Avertin
37700;20;791.5;755.2;10.9;66.4;Saint-Pierre-Des-Corps
38000;694;616.0;707.1;17.4;44.6;Grenoble
38080;4;761.0;971.8;13.1;86.5;L'Isle-D'Abeau
38100;199;661.0;666.7;14.5;48.5;Grenoble
38110;6;692.5;673.0;12.6;52.8;La Tour-Du-Pin
38120;23;820.0;913.5;13.5;63.7;Saint-Egreve
38130;48;721.0;771.2;13.4;59.0;Echirolles
38140;1;762.0;762.0;14.4;53.0;Rives
38150;8;627.5;670.6;11.1;61.9;Roussillon
38160;19;785.0;732.8;12.0;65.6;Saint-Marcellin
38170;10;823.0;824.6;13.4;59.4;Seyssinet-Pariset
38180;4;1090.5;1244.5;14.8;79.0;Seyssins
38200;61;680.0;749.4;12.5;61.7;Vienne
38220;4;575.0;571.2;12.7;44.0;Vizille
38240;48;1060.0;1025.0;15.4;66.7;Meylan
38300;70;792.0;846.8;13.4;64.0;Bourgoin-Jallieu
38320;1;993.0;993.0;14.8;67.0;Eybens
38360;3;557.0;613.3;22.3;27.0;Sassenage
38400;204;626.0;655.3;16.2;46.6;Saint-Martin-D'Heres
38420;7;699.0;847.9;11.7;68.4;Domene
38430;1;848.0;848.0;14.6;58.0;Moirans
38460;1;1050.0;1050.0;11.4;92.0;
38500;49;700.0;737.0;11.9;62.8;Voiron
38530;6;732.5;732.7;13.9;49.3;Pontcharra
38600;37;549.0;595.9;13.6;44.4;Fontaine
38610;19;508.0;555.9;22.1;28.4;Gieres
38700;4;537.0;535.8;29.3;17.8;La Tronche
38890;1;545.0;545.0;14.3;38.0;
38950;6;870.0;843.3;12.1;70.0;Saint-Martin-Le-Vinoux
39000;54;555.0;654.7;10.6;63.8;Lons-Le-Saunier
39100;50;657.5;672.2;11.3;67.4;Dole
39200;7;505.0;486.3;11.6;48.9;Saint-Claude
39300;10;650.0;751.4;12.2;60.9;Champagnole
40000;60;551.5;617.8;12.2;54.0;Mont-De-Marsan
40100;83;640.0;677.5;16.2;46.6;Dax
40130;3;900.0;966.7;14.5;65.7;Capbreton
40140;4;955.0;956.2;15.4;66.0;Soustons
40150;3;982.0;1710.7;18.9;78.7;
40220;4;1197.5;1186.0;14.0;93.8;Tarnos
40230;5;875.0;973.6;15.6;62.6;Saint-Vincent-De-Tyrosse
40270;1;790.0;790.0;5.5;144.0;Cazeres-Sur-L'Adour
40280;4;680.0;692.8;11.7;63.0;Saint-Pierre-Du-Mont
40510;1;777.0;777.0;18.1;43.0;
40600;16;767.5;775.2;14.0;54.8;Biscarrosse
40800;11;450.0;479.3;11.8;46.8;Aire-Sur-L'Adour
40990;26;705.0;740.5;13.5;62.1;Saint-Paul-Les-Dax
41000;195;530.0;596.2;13.9;47.1;Blois
41100;26;652.5;637.1;10.8;64.4;Vendome
41200;16;486.5;551.1;10.7;58.2;Romorantin-Lanthenay
41260;1;500.0;500.0;13.5;37.0;La Chaussee-Saint-Victor
41400;1;446.0;446.0;10.9;41.0;Montrichard
42000;727;495.0;545.0;11.9;49.7;Saint-Etienne
42100;149;495.0;534.5;11.7;50.0;Saint-Etienne
42110;20;550.0;589.8;9.3;63.9;Feurs
42120;24;484.5;513.7;10.7;51.9;Le Coteau
42153;10;542.5;581.7;10.9;63.1;Riorges
42170;24;595.0;638.9;10.4;66.2;Saint-Just-Saint-Rambert
42210;6;685.0;687.5;10.2;66.8;Montrond-Les-Bains
42270;11;630.0;614.4;12.7;51.9;Saint-Priest-En-Jarez
42290;1;1150.0;1150.0;8.3;138.0;Sorbiers
42300;281;470.0;506.5;10.7;48.9;Roanne
42400;46;596.0;599.5;10.0;60.4;Saint-Chamond
42470;1;680.0;680.0;9.9;69.0;Saint-Symphorien-De-Lay
42510;1;780.0;780.0;5.8;135.0;Neronde
42600;48;567.5;608.1;10.6;59.0;Montbrison
42700;23;480.0;528.1;7.7;66.6;Firminy
42800;8;550.0;543.9;9.5;63.8;Rive-De-Gier
43000;48;501.5;566.1;10.1;58.3;Le Puy-En-Velay
43150;1;730.0;730.0;7.2;102.0;Le Monastier-Sur-Gazeille
44000;714;725.0;802.7;20.3;43.6;Nantes
44100;92;633.5;694.0;18.4;41.4;Nantes
44110;47;541.0;590.3;11.2;53.2;Chateaubriant
44117;1;1550.0;1550.0;12.3;126.0;
44120;14;814.5;840.9;17.0;50.9;Vertou
44140;1;1450.0;1450.0;8.8;165.0;Aigrefeuille-Sur-Maine
44150;1;650.0;650.0;15.5;42.0;Ancenis
44160;2;790.0;790.0;14.0;59.5;Pontchateau
44190;4;960.0;975.0;12.7;83.5;Getigne
44200;48;750.0;835.9;15.2;51.7;Nantes
44210;4;750.0;810.0;18.4;42.2;Pornic
44220;4;796.0;838.0;12.5;67.8;Couã«Ron
44230;46;696.0;717.7;12.9;52.3;Saint-Sebastien-Sur-Loire
44240;3;1330.0;1348.3;13.9;117.7;La Chapelle-Sur-Erdre
44250;7;963.0;1008.9;15.3;72.7;Saint-Brevin-Les-Pins
44300;149;613.0;701.5;19.0;40.4;Nantes
44320;1;790.0;790.0;15.8;50.0;
44340;2;586.0;586.0;18.7;34.0;Bouguenais
44350;4;1340.0;1250.2;13.3;91.5;Guerande
44370;1;410.0;410.0;8.5;48.0;
44380;8;1015.0;1009.1;18.6;57.1;Pornichet
44400;60;835.5;890.8;13.7;68.6;Reze
44450;1;990.0;990.0;12.2;81.0;
44470;35;642.0;756.2;14.5;53.7;Carquefou
44500;23;850.0;1105.5;19.2;58.1;La Baule-Escoublac
44510;3;1115.0;1031.7;14.7;75.7;Le Pouliguen
44600;124;726.5;976.4;16.0;60.2;Saint-Nazaire
44700;39;680.0;682.1;13.3;52.1;Orvault
44740;1;514.0;514.0;20.6;25.0;
44760;1;895.0;895.0;9.8;91.0;
44770;1;599.0;599.0;12.7;47.0;
44800;145;518.0;691.5;13.2;59.6;Saint-Herblain
44840;4;753.5;751.5;14.1;53.5;Les Sorinieres
44850;3;1071.0;1018.7;9.6;108.0;
44980;8;430.5;492.1;21.2;28.0;Sainte-Luce-Sur-Loire
45000;543;585.0;665.1;16.4;44.8;Orleans
45100;97;540.0;603.2;15.2;45.5;Orleans
45140;27;645.0;689.1;13.9;53.2;Saint-Jean-De-La-Ruelle
45160;50;537.5;627.6;16.9;41.6;Olivet
45200;69;600.0;635.9;11.3;56.6;Montargis
45230;1;520.0;520.0;10.0;52.0;Sainte-Genevieve-Des-Bois
45400;26;750.0;732.7;17.0;47.4;Fleury Les Aubrais
45500;24;580.0;633.5;9.1;73.0;Gien
45650;13;527.0;602.2;15.9;45.5;Saint-Jean-Le-Blanc
45750;1;433.0;433.0;16.7;26.0;Saint Pryve Saint Mesmin
45800;57;715.0;663.4;12.2;48.4;Saint-Jean-De-Braye
46000;63;590.0;587.0;10.8;57.4;Cahors
46100;7;570.0;607.4;10.1;61.6;Figeac
47000;287;550.0;594.4;12.5;52.5;Agen
47150;2;767.5;767.5;9.5;81.0;Monflanquin
47200;60;580.0;619.4;10.2;65.2;Marmande
47300;50;542.0;604.4;10.0;67.2;Villeneuve-Sur-Lot
47400;13;490.0;508.2;9.1;53.7;Tonneins
47520;3;1230.0;1123.3;10.1;106.0;Le Passage
48000;8;473.0;514.5;12.1;47.6;Mende
49000;416;580.0;713.1;18.8;47.0;Angers
49070;2;1667.5;1667.5;12.2;154.0;Beaucouze
49100;233;600.0;710.3;18.8;44.0;Angers
49120;1;301.0;301.0;4.3;70.0;
49122;1;455.0;455.0;13.4;34.0;
49130;4;650.0;695.0;15.4;64.0;Les Ponts-De-Ce
49170;2;703.5;703.5;8.7;80.5;
49230;1;800.0;800.0;7.5;107.0;
49240;16;898.0;1317.0;14.5;114.9;Avrille
49270;2;615.0;615.0;12.5;50.5;
49290;7;490.0;518.1;12.7;40.3;Chalonnes-Sur-Loire
49300;210;590.0;613.0;12.5;54.6;Cholet
49400;81;595.0;598.9;11.8;53.8;Saumur
49500;3;600.0;639.7;11.1;57.3;
49570;1;535.0;535.0;11.6;46.0;
49600;8;548.0;560.2;11.9;53.1;Beaupreau
49740;1;555.0;555.0;10.5;53.0;
50000;31;571.0;563.6;12.1;50.4;Saint-Lo
50100;61;672.0;704.5;15.3;48.6;Cherbourg-En-Cotentin
50110;3;750.0;806.7;12.8;62.0;Cherbourg-En-Cotentin
50120;7;626.0;642.3;15.2;41.9;Cherbourg-En-Cotentin
50130;2;860.0;860.0;14.0;69.5;Cherbourg-En-Cotentin
50200;5;530.0;552.6;10.0;54.2;Coutances
50230;1;800.0;800.0;12.3;65.0;
50300;9;540.0;603.3;12.6;52.1;Avranches
50350;1;450.0;450.0;18.0;25.0;
50400;20;672.5;709.2;15.2;50.9;Granville
50610;1;470.0;470.0;16.8;28.0;Jullouville
50660;1;920.0;920.0;9.2;100.0;
51000;77;545.0;577.4;12.2;52.2;Chalons-En-Champagne
51100;1102;580.0;643.9;17.5;39.7;Reims
51200;36;580.0;608.4;12.6;50.8;Epernay
51300;4;499.0;490.0;8.9;57.0;Vitry-Le-Francois
51450;4;695.0;670.8;10.8;62.5;Betheny
52000;15;620.0;596.5;12.7;55.4;Chaumont
52100;53;656.0;663.6;9.4;72.1;Saint-Dizier
52120;1;678.0;678.0;5.4;125.0;Chateauvillain
53000;320;460.0;518.2;13.9;44.6;Laval
53100;23;400.0;479.2;11.8;50.6;Mayenne
53200;5;599.0;615.8;11.0;71.4;
54000;1111;550.0;615.7;15.8;42.5;Nancy
54100;9;849.0;776.7;13.8;58.4;Nancy
54130;9;620.0;698.3;12.4;56.0;Saint-Max
54140;18;611.5;642.6;12.9;52.7;Jarville-La-Malgrange
54200;30;556.5;555.9;11.2;53.4;Toul
54270;6;688.5;711.5;10.5;67.5;Essey-Les-Nancy
54300;49;535.0;530.5;8.7;62.1;Luneville
54320;6;602.5;639.2;13.5;51.2;Maxeville
54390;4;650.0;588.8;9.6;61.8;Frouard
54400;10;777.5;717.0;15.5;41.0;Longwy
54500;343;462.0;514.3;19.3;33.8;Vandoeuvre-Les-Nancy
54520;53;668.0;682.4;11.8;59.7;Laxou
54547;1;400.0;400.0;22.2;18.0;Vandoeuvre Les Nancy
54600;96;844.0;968.4;19.2;53.3;Villers-Les-Nancy
54700;28;521.5;535.4;11.2;51.8;Pont-A -Mousson
54800;5;595.0;528.0;11.6;47.6;Jarny
54910;1;500.0;500.0;7.7;65.0;
55000;13;530.0;561.5;9.6;59.8;Bar-Le-Duc
55100;8;475.0;536.9;12.3;46.2;Verdun
55240;1;730.0;730.0;8.1;90.0;Bouligny
56000;282;650.0;700.4;18.6;42.9;Vannes
56100;154;700.0;747.3;17.0;48.0;Lorient
56120;2;565.0;565.0;10.8;52.5;Josselin
56170;1;700.0;700.0;20.6;34.0;Quiberon
56260;1;805.0;805.0;23.7;34.0;Larmor-Plage
56270;1;1650.0;1650.0;13.1;126.0;Ploemeur
56300;33;611.0;638.0;11.8;57.0;Pontivy
56350;1;925.0;925.0;10.1;92.0;
56400;34;710.0;787.8;13.2;60.5;Auray
56520;3;808.0;784.3;13.8;54.0;Guidel
56600;1;716.0;716.0;11.7;61.0;Lanester
56700;4;737.5;893.8;13.0;83.8;Hennebont
56800;4;980.0;979.5;9.8;94.8;Ploã«Rmel
56860;1;1000.0;1000.0;11.5;87.0;Sene
56880;1;994.0;994.0;14.6;68.0;Ploeren
56890;5;723.0;713.4;12.4;60.4;Saint-Ave
57000;368;650.0;706.2;15.5;49.5;Metz
57050;36;530.0;609.6;15.4;54.7;Metz
57070;52;624.5;671.1;15.4;48.7;Metz
57100;80;895.0;962.7;15.4;65.7;Thionville
57120;7;697.0;650.6;9.6;62.0;Rombas
57140;1;840.0;840.0;14.0;60.0;Woippy
57150;10;550.0;529.5;9.8;57.9;Creutzwald
57158;1;780.0;780.0;11.8;66.0;Montigny-Les-Metz
57180;1;795.0;795.0;13.5;59.0;Terville
57185;1;560.0;560.0;17.0;33.0;
57190;1;735.0;735.0;13.9;53.0;Florange
57200;122;592.5;609.6;9.8;65.6;Sarreguemines
57220;5;490.0;631.2;9.2;67.6;Boulay-Moselle
57240;1;390.0;390.0;15.6;25.0;
57255;2;820.0;820.0;12.3;67.5;
57270;1;835.0;835.0;12.8;65.0;
57280;4;742.5;850.0;11.6;71.2;Maizieres-Les-Metz
57300;5;800.0;851.0;12.1;66.0;Hagondange
57350;3;510.0;650.0;7.5;96.7;Stiring-Wendel
57390;6;845.0;968.8;20.7;47.8;
57400;32;655.0;693.2;8.6;82.7;Sarrebourg
57460;2;821.0;821.0;8.2;99.5;Behren-Les-Forbach
57480;3;1230.0;1253.3;10.9;107.7;Sierck-Les-Bains
57500;22;595.0;597.1;9.8;59.6;Saint-Avold
57600;104;550.0;587.4;9.7;62.0;Forbach
57630;1;330.0;330.0;13.8;24.0;Vic-Sur-Seille
57640;1;1380.0;1380.0;15.9;87.0;
57700;4;624.5;653.5;9.6;63.0;Hayange
57800;11;450.0;461.5;11.3;42.0;Freyming-Merlebach
57860;1;620.0;620.0;11.5;54.0;
57950;67;755.0;780.6;14.0;59.2;Montigny-Les-Metz
57970;10;850.5;833.6;15.3;57.1;Yutz
58000;221;500.0;545.3;11.4;50.5;Nevers
58200;19;450.0;455.5;11.5;42.5;Cosne-Cours-Sur-Loire
58600;8;420.0;455.9;9.3;57.4;Fourchambault
59000;813;640.0;757.1;21.3;39.1;Lille
59100;518;520.0;608.4;18.7;46.5;Roubaix
59110;173;763.0;908.8;17.3;52.6;La Madeleine
59111;2;729.5;729.5;11.3;82.0;
59117;1;809.0;809.0;12.6;64.0;Wervicq-Sud
59120;168;550.0;630.5;20.2;39.1;Loos
59122;3;595.0;863.3;8.6;93.3;Hondschoote
59130;69;800.0;859.3;16.7;56.1;Lambersart
59139;37;780.0;834.9;13.4;58.3;Wattignies
59140;50;612.5;674.9;17.4;42.4;Dunkerque
59150;8;660.5;677.1;13.7;55.9;Wattrelos
59155;16;692.5;654.2;14.3;49.5;Faches-Thumesnil
59160;15;490.0;529.3;30.0;21.2;Lille
59163;4;540.0;551.2;18.4;35.8;Conde-Sur-L'Escaut
59170;65;635.0;819.4;17.3;52.0;Croix
59171;1;740.0;740.0;10.4;71.0;
59172;1;920.0;920.0;7.8;118.0;
59178;2;699.5;699.5;10.5;66.5;Hasnon
59190;32;677.5;677.1;11.7;63.6;Hazebrouck
59200;323;620.0;641.7;15.5;47.6;Tourcoing
59210;1;775.0;775.0;16.5;47.0;
59220;34;550.0;598.1;11.0;60.9;Denain
59230;6;725.5;712.7;8.5;82.2;Saint-Amand-Les-Eaux
59240;17;700.0;804.9;13.7;55.5;Dunkerque
59250;11;625.0;655.3;13.8;49.0;Halluin
59255;1;850.0;850.0;13.1;65.0;
59260;13;570.0;664.9;16.3;47.2;Lille
59280;82;626.0;646.5;13.4;49.9;Armentieres
59290;13;718.0;862.6;16.2;54.0;Wasquehal
59300;398;526.0;574.2;15.8;40.1;Valenciennes
59320;8;670.0;696.4;18.0;41.8;Haubourdin
59330;3;450.0;500.0;10.5;43.0;Hautmont
59350;23;913.0;941.5;13.6;62.3;Saint-Andre-Lez-Lille
59360;8;559.0;580.9;10.1;61.8;Le Cateau-Cambresis
59370;40;721.0;751.8;14.6;50.2;Mons-En-Baroeul
59390;5;627.0;681.2;14.6;46.2;Lys-Lez-Lannoy
59400;133;545.0;561.3;13.2;45.2;Cambrai
59410;24;493.0;499.1;12.0;49.8;Anzin
59420;5;1182.0;1112.0;13.8;82.2;Tourcoing
59430;1;450.0;450.0;26.5;17.0;Saint-Pol-Sur-Mer
59450;6;622.5;612.5;11.4;55.5;Sin-Le-Noble
59490;1;700.0;700.0;10.6;66.0;
59491;49;675.0;769.1;27.2;40.7;Villeneuve-D'Ascq
59493;6;525.0;740.0;47.3;40.0;Villeneuve-D'Ascq
59500;121;570.0;606.8;14.1;45.1;Douai
59520;2;669.0;669.0;15.1;44.5;Marquette Lez Lille
59540;6;555.5;573.0;8.8;65.3;Caudry
59580;1;550.0;550.0;14.5;38.0;Aniche
59590;4;508.0;515.0;11.9;40.5;Raismes
59600;55;530.0;574.2;11.7;51.7;Maubeuge
59620;1;590.0;590.0;8.8;67.0;Aulnoye-Aymeries
59650;60;533.5;606.5;23.4;38.6;Villeneuve-D'Ascq
59700;82;917.5;1059.4;16.4;66.1;Marcq-En-Baroeul
59770;13;520.0;616.5;12.4;61.8;Marly
59777;6;597.5;709.0;51.4;24.2;Lille
59790;25;530.0;639.1;20.6;39.2;Ronchin
59800;172;650.0;789.8;24.4;37.6;Lille
59850;2;744.5;744.5;11.9;67.5;Nieppe
59870;1;950.0;950.0;8.6;110.0;
59940;2;718.0;718.0;8.5;85.0;Estaires
60000;194;610.0;653.6;14.5;48.8;Beauvais
60100;66;693.5;747.1;18.1;45.8;Creil
60129;1;1117.0;1117.0;10.5;106.0;Compiegne
60180;23;850.0;861.1;14.8;56.1;Nogent-Sur-Oise
60200;333;600.0;715.1;16.4;50.1;Compiegne
60270;3;730.0;818.3;19.0;40.0;Gouvieux
60280;33;650.0;698.7;13.5;51.3;Margny-Les-Compiegne
60300;42;1343.5;1489.6;17.1;89.0;Senlis
60390;1;550.0;550.0;19.6;28.0;Auneuil
60400;14;481.0;574.3;12.2;50.0;Noyon
60440;3;958.0;849.0;12.6;64.3;Nanteuil-Le-Haudouin
60500;24;961.5;1040.5;19.9;55.2;Chantilly
60510;3;1213.0;1124.3;10.9;113.3;Fouquerolles
60600;16;660.0;709.8;16.0;47.2;Clermont
60650;1;830.0;830.0;15.1;55.0;Saint-Paul
60700;16;600.0;628.6;15.8;42.1;Pont-Sainte-Maxence
60800;15;780.0;853.5;13.5;68.0;
60810;2;1975.0;1975.0;16.4;132.5;
60930;1;1150.0;1150.0;14.7;78.0;Bailleul Sur Therain
61000;121;450.0;490.9;12.5;45.3;Alencon
61100;25;462.0;505.7;9.7;55.8;Flers
61110;1;630.0;630.0;10.5;60.0;
61200;18;433.5;491.2;10.5;49.2;Argentan
61260;1;535.0;535.0;9.6;56.0;
61300;14;476.0;505.1;9.3;55.4;
62000;124;560.0;635.2;15.0;46.2;Arras
62100;103;550.0;552.1;13.9;42.6;Calais
62110;26;575.0;595.6;12.7;46.5;Henin-Beaumont
62160;5;720.0;652.8;11.4;58.6;Aix-Noulette
62200;115;595.0;611.8;13.6;47.5;Boulogne-Sur-Mer
62210;2;790.0;790.0;7.9;121.5;Avion
62232;1;390.0;390.0;13.4;29.0;
62260;2;572.5;572.5;12.4;46.0;Auchel
62300;67;480.0;535.3;18.8;33.3;Lens
62400;104;522.5;576.2;13.9;44.2;Bethune
62460;1;720.0;720.0;7.2;100.0;Divion
62470;1;518.0;518.0;14.0;37.0;Calonne-Ricouart
62490;1;690.0;690.0;11.1;62.0;Vitry-En-Artois
62500;59;485.0;567.8;12.8;49.8;Saint-Omer
62530;1;553.0;553.0;12.3;45.0;Hersin-Coupigny
62600;58;530.0;596.8;15.3;43.0;Berck
62700;4;552.0;529.0;12.7;42.2;Bruay-La-Buissiere
62800;20;600.0;648.3;15.6;49.0;Lievin
63000;887;550.0;611.4;15.7;42.9;Clermont-Ferrand
63100;85;600.0;642.6;13.2;50.2;Clermont-Ferrand
63110;17;530.0;661.6;14.5;50.3;Beaumont
63119;1;1180.0;1180.0;10.6;111.0;Chateaugay
63170;25;440.0;529.0;15.1;40.3;Aubiere
63200;50;567.0;627.2;11.9;58.9;Riom
63300;19;485.0;496.8;7.8;56.7;Thiers
63400;129;600.0;713.8;15.7;51.3;Chamalieres
63460;1;749.0;749.0;7.7;97.0;Combronde
63500;73;560.0;600.8;10.2;63.6;Issoire
63800;3;620.0;661.7;10.5;61.0;Cournon-D'Auvergne
64000;497;530.0;610.7;14.9;47.3;Pau
64100;75;700.0;839.8;16.4;55.2;Bayonne
64121;2;1175.0;1175.0;10.4;113.5;Serres-Castet
64122;3;501.0;655.7;26.4;39.3;Urrugne
64140;53;650.0;764.0;13.5;61.2;Lons
64200;50;750.0;1027.3;23.8;50.4;Biarritz
64240;1;568.0;568.0;15.8;36.0;Hasparren
64300;5;467.0;512.4;11.1;45.0;Orthez
64400;9;645.0;675.0;13.4;58.3;Oloron-Sainte-Marie
64440;2;575.0;575.0;8.7;66.0;Ancizan
64500;10;1187.5;1400.5;22.2;69.3;Saint-Jean-De-Luz
64530;1;730.0;730.0;9.4;78.0;
64600;41;800.0;1101.7;19.6;58.2;Anglet
64700;9;900.0;919.7;18.0;54.1;Hendaye
65000;223;510.0;542.4;13.0;44.1;Tarbes
65100;32;440.0;462.7;14.2;33.8;Lourdes
66000;417;560.0;611.6;13.5;47.9;Perpignan
66100;71;500.0;550.4;13.0;45.9;Perpignan
66130;9;688.0;754.6;11.7;71.4;Ille-Sur-Tet
66140;20;612.5;652.0;16.5;40.1;Canet-En-Roussillon
66200;9;650.0;728.4;13.2;56.9;Elne
66240;5;840.0;923.0;13.0;69.8;Saint-Esteve
66250;4;657.5;648.8;15.7;48.5;Saint-Laurent-De-La-Salanque
66280;5;785.0;728.0;11.6;67.0;Saleilles
66350;1;700.0;700.0;10.9;64.0;Toulouges
66380;1;1100.0;1100.0;14.7;75.0;Pia
66420;5;520.0;520.0;24.7;23.4;
66440;1;594.0;594.0;13.5;44.0;
66450;6;592.5;637.2;12.8;53.0;Pollestres
66500;13;640.0;645.5;11.1;64.3;Prades
66540;1;640.0;640.0;10.7;60.0;Baho
66600;12;663.0;769.8;13.6;66.8;Rivesaltes
66690;1;497.0;497.0;9.9;50.0;
66700;6;615.0;646.7;17.0;40.5;Argeles-Sur-Mer
66750;2;1762.5;1762.5;30.4;50.0;Saint-Cyprien
67000;611;770.0;901.9;22.8;45.1;Strasbourg
67100;117;650.0;762.0;20.7;43.8;Strasbourg
67120;11;755.0;786.8;12.9;63.1;Molsheim
67150;11;580.0;862.5;19.3;54.4;Erstein
67160;7;790.0;809.7;9.0;95.9;Wissembourg
67170;4;822.5;814.0;14.0;58.8;
67200;79;750.0;781.9;17.0;49.1;Strasbourg
67201;1;650.0;650.0;14.1;46.0;Eckbolsheim
67210;50;697.5;853.8;13.7;66.1;Obernai
67240;9;720.0;873.1;11.6;81.1;Bischwiller
67300;73;720.0;758.2;16.1;49.0;Schiltigheim
67320;1;800.0;800.0;7.3;110.0;
67380;37;850.0;944.6;15.5;64.7;Lingolsheim
67400;83;575.0;788.4;17.3;42.7;Illkirch-Graffenstaden
67450;1;895.0;895.0;12.1;74.0;Mundolsheim
67460;4;835.5;882.2;15.4;58.8;Souffelweyersheim
67500;47;784.0;817.4;13.8;61.3;Haguenau
67540;7;918.0;854.3;13.5;63.3;Ostwald
67600;30;670.0;698.6;12.8;55.5;Selestat
67610;1;1360.0;1360.0;14.6;93.0;La Wantzenau
67700;15;650.0;726.1;11.5;69.6;Saverne
67720;2;945.0;945.0;11.9;81.0;
67800;66;812.0;843.7;15.6;55.4;Bischheim
68000;234;742.5;763.4;13.4;60.2;Colmar
68040;1;740.0;740.0;13.5;55.0;Ingersheim
68100;353;590.0;659.8;13.8;49.8;Mulhouse
68110;4;912.5;952.8;13.4;72.8;Illzach
68120;4;685.0;663.5;12.8;54.2;Pfastatt
68124;1;770.0;770.0;11.0;70.0;Logelbach
68125;1;995.0;995.0;13.6;73.0;Houssen
68170;4;787.5;978.8;12.1;81.2;Rixheim
68180;2;632.5;632.5;17.8;43.5;Horbourg-Wihr
68200;117;599.0;603.1;12.9;48.7;Mulhouse
68220;3;1950.0;2111.7;15.1;126.0;Hegenheim
68230;1;905.0;905.0;12.7;71.0;Turckheim
68250;3;860.0;808.3;13.2;62.0;
68260;1;940.0;940.0;11.8;80.0;
68270;1;703.0;703.0;10.8;65.0;Wittenheim
68280;2;625.0;625.0;28.0;22.5;Andolsheim
68290;1;800.0;800.0;11.0;73.0;
68300;69;900.0;945.9;17.0;59.7;Saint-Louis
68400;15;1670.0;1304.9;10.2;119.9;Riedisheim
68420;1;1076.0;1076.0;7.6;142.0;Eguisheim
68460;1;804.0;804.0;11.5;70.0;Lutterbach
68500;2;862.5;862.5;12.4;69.5;Guebwiller
68520;1;550.0;550.0;17.7;31.0;
68530;1;980.0;980.0;8.8;112.0;
68540;1;1250.0;1250.0;12.3;102.0;
68570;1;979.0;979.0;9.8;100.0;
68630;1;750.0;750.0;8.1;93.0;
68700;2;815.0;815.0;14.3;56.5;Cernay
68800;2;647.5;647.5;10.3;64.0;Thann
68920;1;790.0;790.0;15.8;50.0;Wintzenheim
69001;279;1090.0;1169.4;22.8;54.7;Lyon
69002;328;1245.0;1337.9;21.9;65.7;Lyon 2
69003;525;810.0;922.9;21.2;48.6;Lyon 3
69004;207;980.0;1146.9;21.2;56.4;Lyon 4
69005;229;980.0;1090.8;19.8;56.0;Lyon 5
69006;389;1231.0;1364.2;22.8;62.6;Lyon 6
69007;452;748.5;889.5;23.1;43.8;Lyon 7
69008;460;706.0;849.3;19.7;53.9;Lyon 8
69009;269;708.0;840.5;16.8;59.8;Lyon 9
69100;706;750.0;826.7;18.5;52.0;Villeurbanne
69110;59;1100.0;1341.3;16.9;81.0;Sainte-Foy-Les-Lyon
69120;65;780.0;800.4;17.6;49.5;Vaulx-En-Velin
69126;1;5900.0;5900.0;17.8;332.0;Brindas
69130;99;902.0;1134.2;19.6;64.4;Ecully
69140;31;1000.0;1480.6;14.8;101.7;Rillieux-La-Pape
69150;48;945.0;991.5;15.4;66.9;Decines-Charpieu
69160;72;960.5;1146.0;19.9;58.3;Tassin-La-Demi-Lune
69170;24;565.0;567.4;10.8;56.0;Tarare
69190;6;594.5;708.8;19.3;38.3;Saint-Fons
69200;141;600.0;710.0;15.0;55.2;Venissieux
69220;14;715.0;710.1;10.0;83.1;Belleville
69230;35;855.0;1229.8;18.5;79.1;Saint-Genis-Laval
69240;7;390.0;402.9;7.6;55.6;Thizy-Les-Bourgs
69250;16;671.5;699.8;15.0;46.6;Neuville-Sur-Saone
69259;2;772.5;772.5;19.9;58.0;Venissieux
69260;9;1395.0;1623.3;18.3;86.4;Charbonnieres-Les-Bains
69270;8;796.5;894.8;13.2;65.1;Fontaines-Sur-Saone
69280;1;1200.0;1200.0;26.7;45.0;Sainte-Consorce
69290;19;885.0;1090.1;15.7;79.9;Craponne
69300;166;854.0;1044.1;19.8;59.0;Caluire-Et-Cuire
69310;2;531.0;531.0;14.9;45.0;Pierre-Benite
69330;36;892.0;1039.8;17.4;65.6;Meyzieu
69340;10;936.5;1127.1;17.0;65.8;Francheville
69350;14;672.5;829.1;19.0;45.4;La Mulatiere
69390;1;1390.0;1390.0;12.0;116.0;
69400;154;721.5;752.2;13.6;58.6;Villefranche-Sur-Saone
69410;3;1050.0;1236.7;15.6;90.0;Champagne-Au-Mont-D'Or
69500;160;650.0;769.7;18.0;53.8;Bron
69530;7;1050.0;1124.4;12.5;92.3;Brignais
69600;128;650.0;762.1;19.2;46.9;Oullins
69700;7;750.0;728.1;13.1;57.4;Givors
69800;66;817.5;869.1;20.2;45.4;Saint-Priest
70000;69;490.0;568.4;10.3;58.5;Vesoul
70200;2;950.0;950.0;13.9;84.5;Lure
70300;7;594.0;585.1;9.6;62.1;Luxeuil-Les-Bains
70400;1;1250.0;1250.0;11.3;111.0;Hericourt
71000;252;540.0;567.2;12.6;49.2;Macon
71100;107;570.0;623.3;13.1;51.0;Chalon-Sur-Saone
71150;7;590.0;629.9;8.7;72.1;Chagny
71160;2;537.5;537.5;7.9;69.5;
71200;195;475.0;484.8;10.0;50.1;Le Creusot
71260;1;1480.0;1480.0;10.2;145.0;St Maurice De Satonnay
71270;2;550.0;550.0;7.3;75.5;Pierre-De-Bresse
71300;19;520.0;559.8;9.8;53.8;Montceau-Les-Mines
71330;1;480.0;480.0;9.6;50.0;
71400;5;380.0;456.0;10.4;45.2;Autun
71500;3;580.0;609.0;7.5;77.0;Louhans
71600;1;708.0;708.0;6.0;118.0;
71710;1;325.0;325.0;7.9;41.0;
71760;1;447.0;447.0;6.8;66.0;Issy-L'Eveque
71850;6;389.0;539.5;15.2;37.0;Charnay Les Macon
71870;1;481.0;481.0;12.7;38.0;Macon
72000;507;560.0;623.1;15.4;46.9;Le Mans
72100;76;497.5;603.0;13.6;53.4;Le Mans
72110;1;720.0;720.0;5.5;130.0;Bonnetable
72200;7;500.0;540.7;13.2;43.0;La Fleche
72300;19;480.0;529.5;10.2;53.1;Sable-Sur-Sarthe
72400;2;517.5;517.5;11.4;45.5;La Ferte-Bernard
73000;268;575.0;683.8;19.2;41.9;Chambery
73100;114;757.5;806.2;21.0;41.7;Aix-Les-Bains
73110;3;948.0;811.7;9.0;86.3;La Rochette
73200;54;755.0;753.9;13.0;62.3;Albertville
73290;16;970.0;930.1;15.5;58.2;La Motte-Servolex
73370;15;600.0;651.5;26.0;31.0;
74000;227;980.0;1091.6;23.3;50.0;Annecy
74100;281;1250.0;1302.6;24.9;57.0;Annemasse
74130;8;813.0;888.2;16.6;56.6;Bonneville
74150;11;785.0;813.5;16.4;49.7;Rumilly
74160;69;1487.0;1533.9;26.0;64.4;Saint-Julien-En-Genevois
74200;93;995.0;1070.6;19.5;54.8;Thonon-Les-Bains
74240;63;1200.0;1424.4;28.6;54.9;Gaillard
74250;1;2975.0;2975.0;27.3;109.0;
74300;12;827.0;870.6;13.2;61.2;Cluses
74370;1;1245.0;1245.0;25.4;49.0;Annecy
74500;20;1290.0;1326.8;23.7;58.4;Evian-Les-Bains
74600;5;720.0;829.8;32.8;33.0;Annecy
74700;16;912.5;882.1;16.8;51.6;Sallanches
74800;14;875.0;882.9;16.4;52.9;La Roche-Sur-Foron
74940;10;1555.5;1697.1;23.5;76.9;Annecy
74960;18;951.5;956.2;21.1;58.6;Annecy
75000;2;837.0;837.0;55.8;15.0;Paris
75001;138;2555.0;2915.8;48.9;55.2;Paris
75002;196;2095.0;2543.5;50.5;48.5;Paris 2
75003;164;2200.0;2484.5;47.3;52.0;Paris 3
75004;146;1982.5;2345.7;47.0;49.1;Paris 4
75005;246;1641.5;1977.2;44.5;44.3;Paris 5
75006;310;2267.0;2879.9;50.0;55.6;Paris 6
75007;349;2250.0;2690.2;47.6;58.2;Paris 7
75008;445;2500.0;3341.7;48.3;69.5;Paris 8
75009;245;2100.0;2388.7;41.7;56.6;Paris 9
75010;329;1350.0;1763.7;40.0;43.3;Paris 10
75011;377;1378.0;1696.2;41.3;41.4;Paris 11
75012;285;1400.0;1578.7;37.8;42.8;Paris 12
75013;373;1325.0;1549.6;37.3;42.6;Paris 13
75014;374;1390.0;1534.3;38.3;41.9;Paris 14
75015;682;1500.0;1836.7;40.0;45.4;Paris 15
75016;593;2300.0;2898.9;41.2;70.9;Paris 16
75017;713;1700.0;2078.8;41.0;51.7;Paris 17
75018;621;1305.0;1497.7;38.3;38.5;Paris 18
75019;382;1149.0;1356.4;36.0;38.6;Paris 19
75020;300;1282.5;1550.9;35.9;41.6;Paris
75116;57;2225.0;2887.7;40.7;71.3;Paris 16
76000;858;595.0;647.8;18.9;38.0;Rouen
76100;164;567.5;592.5;12.9;49.6;Rouen
76120;10;675.0;681.7;13.1;61.1;Le Grand-Quevilly
76130;151;520.0;658.2;16.2;44.5;Mont-Saint-Aignan
76140;69;690.0;710.6;13.9;51.4;Le Petit-Quevilly
76160;39;470.0;494.6;17.8;29.4;Darnetal
76190;19;605.0;713.8;11.7;72.5;Yvetot
76200;89;680.0;698.6;14.3;51.1;Dieppe
76210;10;495.0;509.7;10.3;53.1;Bolbec
76230;45;625.0;712.1;17.0;47.0;Bois-Guillaume
76250;48;645.0;639.7;14.0;47.1;Deville-Les-Rouen
76290;9;590.0;747.3;13.1;65.0;Montivilliers
76300;61;650.0;664.2;13.9;52.5;Sotteville-Les-Rouen
76320;7;590.0;576.0;11.1;58.9;Caudebec-Les-Elbeuf
76350;1;850.0;850.0;10.1;84.0;Oissel
76370;5;850.0;798.0;13.3;60.2;Dieppe
76400;61;595.0;650.4;12.9;52.9;Fecamp
76450;1;1950.0;1950.0;13.0;150.0;Saint-Martin-Aux-Buneaux
76500;104;555.0;579.7;11.2;52.7;Elbeuf
76540;3;825.0;748.7;7.0;99.3;Eletot
76600;754;530.0;624.3;16.4;40.2;Le Havre
76610;5;670.0;654.4;9.6;70.4;Le Havre
76620;29;735.0;876.8;13.6;66.6;Le Havre
76680;1;570.0;570.0;12.1;47.0;Saint-Saã«Ns
76800;44;439.0;545.1;14.1;50.2;Saint-Etienne-Du-Rouvray
77000;310;750.0;782.7;18.9;42.9;Melun
77100;179;785.0;823.8;19.3;43.9;Meaux
77120;22;704.0;706.3;14.6;48.1;Coulommiers
77124;3;871.0;871.0;20.7;42.0;Villenoy
77127;16;762.0;776.6;20.0;41.1;Lieusaint
77130;57;650.0;652.5;17.6;39.5;Montereau-Fault-Yonne
77140;48;670.0;750.9;14.5;53.3;Nemours
77144;31;1000.0;1474.8;24.3;60.6;Montevrain
77160;18;765.0;817.7;12.8;71.3;Provins
77170;52;842.5;859.9;19.4;46.4;Brie-Comte-Robert
77176;18;790.0;856.4;17.7;53.6;Savigny-Le-Temple
77183;2;820.0;820.0;19.7;42.0;Croissy-Beaubourg
77185;5;823.0;858.2;20.3;54.2;Lognes
77186;13;870.0;920.9;24.2;49.8;Noisiel
77190;36;835.0;856.8;17.4;61.8;Dammarie-Les-Lys
77200;15;666.0;902.5;19.8;51.7;Torcy
77210;95;839.0;869.2;16.2;53.1;Avon
77240;7;792.0;760.1;18.3;43.1;Cesson
77250;6;738.5;872.5;14.8;55.5;
77260;24;700.0;716.5;16.3;44.8;La Ferte-Sous-Jouarre
77270;46;780.5;848.3;22.1;42.2;Villeparisis
77280;2;840.0;840.0;20.8;40.5;Othis
77300;184;795.0;956.5;23.0;46.1;Fontainebleau
77310;8;717.0;716.8;19.1;38.6;Saint-Fargeau-Ponthierry
77330;25;890.0;893.2;19.5;46.9;Ozoir-La-Ferriere
77340;64;950.0;1014.7;22.2;49.5;Pontault-Combault
77350;28;972.5;911.5;17.2;55.0;Le Mee-Sur-Seine
77370;5;750.0;746.6;18.8;62.6;Nangis
77380;25;953.0;1009.3;16.3;62.1;Combs-La-Ville
77400;46;960.0;1103.2;21.1;52.2;Lagny-Sur-Marne
77420;117;669.0;854.2;24.2;48.1;Champs-Sur-Marne
77500;67;950.0;985.7;20.2;49.2;Chelles
77515;2;1567.5;1567.5;14.3;101.0;Faremoutiers
77600;56;930.0;973.6;22.5;44.4;Bussy-Saint-Georges
77630;2;3350.0;3350.0;16.4;215.5;Barbizon
77680;11;813.0;840.4;24.8;37.5;Roissy-En-Brie
77700;30;1300.0;1688.9;24.4;70.0;
77706;1;1600.0;1600.0;76.2;21.0;
78000;335;1290.0;1442.2;29.0;53.1;Versailles
78100;263;1366.0;1683.3;26.5;68.7;Saint-Germain-En-Laye
78110;97;2350.0;2807.9;26.4;111.2;Le Vesinet
78120;68;700.0;824.7;22.1;40.3;Rambouillet
78130;23;850.0;897.2;16.7;52.5;Les Mureaux
78140;29;1150.0;1298.4;21.7;63.0;Velizy-Villacoublay
78150;9;950.0;1521.6;36.5;47.3;Le Chesnay-Rocquencourt
78160;25;1190.0;1478.7;22.2;73.4;Marly-Le-Roi
78170;51;2150.0;2501.4;20.9;121.1;La Celle-Saint-Cloud
78180;64;1065.0;1088.3;20.5;57.1;Montigny-Le-Bretonneux
78190;38;849.0;892.5;20.7;45.9;Trappes
78200;138;810.0;868.0;17.5;49.0;Mantes-La-Jolie
78210;25;990.0;1014.6;20.6;51.8;Saint-Cyr-L'Ecole
78220;24;1158.0;1381.8;24.6;54.7;Viroflay
78230;34;1740.5;2109.6;26.1;82.5;Le Pecq
78250;20;795.0;830.2;18.4;42.9;Meulan-En-Yvelines
78260;21;902.0;989.9;20.5;52.0;Acheres
78280;23;750.0;849.3;21.7;51.3;Guyancourt
78290;3;4090.0;4090.0;31.0;132.0;Croissy-Sur-Seine
78300;135;939.0;1102.3;21.4;54.5;Poissy
78310;33;922.0;1021.2;18.6;60.5;Maurepas
78330;25;829.0;904.3;22.5;52.4;Fontenay-Le-Fleury
78350;11;1237.0;1350.5;24.8;56.6;Jouy-En-Josas
78360;17;1187.0;1822.9;23.0;91.1;Montesson
78370;24;978.0;1330.2;18.2;77.6;Plaisir
78390;16;782.5;847.1;20.4;43.5;Bois-D'Arcy
78400;5;3590.0;3177.4;19.1;163.2;Chatou
78420;35;1350.0;1511.2;23.1;67.5;Carrieres-Sur-Seine
78490;8;873.5;1060.6;20.6;56.0;Montfort-L'Amaury
78498;3;1225.0;1249.7;19.0;65.3;Poissy
78500;77;1140.0;1241.7;24.2;54.7;Sartrouville
78510;15;900.0;971.0;22.2;49.1;Triel-Sur-Seine
78520;13;760.0;798.2;17.8;57.1;Limay
78580;5;930.0;1106.0;21.4;52.4;Maule
78600;129;1375.0;1759.1;24.7;69.5;Maisons-Laffitte
78620;9;4000.0;3782.2;19.6;194.9;L'Etang-La-Ville
78640;8;972.5;1055.0;20.6;59.5;Neauphle-Le-Chateau
78670;4;2500.0;2625.0;20.0;125.5;Villennes Sur Seine
78700;52;929.5;1000.7;21.2;46.5;Conflans-Sainte-Honorine
78711;38;765.0;834.0;17.3;51.7;Mantes-La-Ville
78760;1;980.0;980.0;22.3;44.0;Jouars-Pontchartrain
78800;51;1000.0;1160.7;25.5;51.5;Houilles
78870;1;2800.0;2800.0;15.7;178.0;
78920;1;690.0;690.0;16.8;41.0;
78955;31;930.0;1020.0;20.2;53.8;Carrieres-Sous-Poissy
78990;24;861.0;984.4;20.6;62.6;Elancourt
79000;275;590.0;614.0;14.2;46.8;Niort
79100;2;410.0;410.0;10.7;40.0;Thouars
79110;1;520.0;520.0;4.8;108.0;Alloinay
79160;1;850.0;850.0;7.5;114.0;Saint-Pompain
79210;3;785.0;676.7;8.7;76.3;Mauze Sur Le Mignon
79300;49;560.0;592.0;10.2;63.6;Bressuire
79310;1;960.0;960.0;10.7;90.0;
79370;1;520.0;520.0;26.0;20.0;Celles-Sur-Belle
79400;3;720.0;743.3;7.3;119.3;Saint Maixent L Ecole
79410;2;980.5;980.5;10.9;90.0;Cherveux
79500;1;880.0;880.0;8.7;101.0;Melle
80000;840;500.0;578.8;19.3;35.0;Amiens
80080;43;420.0;470.3;20.5;40.5;Amiens
80090;22;450.0;554.0;22.8;40.1;Amiens
80100;42;595.0;638.7;11.9;58.1;Abbeville
80136;15;530.0;530.0;15.6;34.0;Rivery
80300;5;487.0;464.4;12.2;36.8;Albert
80330;15;412.0;412.0;18.7;22.0;Longueau
80480;1;437.0;437.0;13.7;32.0;Pont-De-Metz
80650;1;1250.0;1250.0;7.2;174.0;Vignacourt
81000;300;500.0;570.9;14.2;45.5;Albi
81090;5;440.0;489.6;12.8;48.8;Lagarrigue
81100;308;520.0;579.8;10.9;57.3;Castres
81200;11;500.0;515.5;9.6;57.0;Mazamet
81290;6;280.0;280.0;14.0;20.0;Labruguiere
81300;6;545.0;552.3;9.3;56.7;Graulhet
81400;11;470.0;476.7;10.6;47.9;Carmaux
81500;21;570.0;619.3;10.0;64.2;Lavaur
81600;11;610.0;568.2;11.5;51.8;Gaillac
82000;217;580.0;629.9;13.4;53.0;Montauban
82100;11;509.0;567.9;11.9;49.7;Castelsarrasin
82170;2;950.0;950.0;9.2;102.5;
82200;6;578.0;595.2;11.5;65.3;Moissac
82300;7;595.0;674.3;8.7;79.7;Caussade
82400;1;500.0;500.0;7.7;65.0;Valence
82600;1;667.0;667.0;8.4;79.0;
83000;385;650.0;719.4;17.9;43.9;Toulon
83100;36;580.0;668.6;18.5;36.5;Toulon
83110;46;872.5;1097.0;19.6;61.0;Sanary-Sur-Mer
83120;27;1200.0;1206.6;24.5;48.9;Sainte-Maxime
83130;65;562.0;672.8;20.1;35.5;La Garde
83140;60;816.5;951.0;20.6;50.8;Six-Fours-Les-Plages
83150;14;697.5;1188.0;22.8;42.8;Bandol
83160;38;665.0;804.9;17.5;51.2;La Valette-Du-Var
83170;78;750.0;715.4;13.7;52.7;Brignoles
83190;42;600.0;615.4;16.7;36.6;Ollioules
83200;74;700.0;760.5;17.4;46.8;Toulon
83210;12;730.0;769.8;17.8;44.8;Sollies-Pont
83220;2;694.5;694.5;18.5;47.0;
83230;4;729.5;722.0;18.5;41.0;Bormes-Les-Mimosas
83240;4;785.0;869.5;21.1;45.0;Cavalaire-Sur-Mer
83250;6;819.0;823.3;17.7;47.2;La Londe-Les-Maures
83260;6;804.0;903.7;19.2;49.5;La Crau
83270;5;995.0;2879.0;28.3;96.2;Saint-Cyr-Sur-Mer
83300;68;606.5;714.7;13.8;52.5;Draguignan
83310;8;904.0;937.4;18.4;53.4;Cogolin
83320;6;884.0;1054.7;19.7;53.3;Carqueiranne
83330;7;780.0;790.6;15.7;52.1;Le Beausset
83340;15;660.0;667.9;14.1;48.1;Le Luc
83370;14;790.0;889.1;20.6;47.1;Frejus
83380;3;920.0;1034.3;21.3;46.3;Roquebrune-Sur-Argens
83390;11;544.0;670.7;15.9;41.7;Cuers
83400;93;930.0;993.4;18.8;53.8;Hyeres
83420;1;1400.0;1400.0;34.1;41.0;
83430;1;655.0;655.0;20.5;32.0;
83470;14;705.0;877.6;17.8;59.9;Saint-Maximin-La-Sainte-Baume
83480;4;1391.5;1339.5;17.0;76.8;Puget-Sur-Argens
83490;5;655.0;693.0;14.9;44.4;Le Muy
83500;85;721.0;779.7;16.9;46.2;La Seyne-Sur-Mer
83520;4;795.0;1191.2;16.7;97.2;Roquebrune-Sur-Argens
83530;11;800.0;1281.0;22.9;59.1;Saint-Raphaã«L
83550;9;650.0;619.9;15.4;41.8;Vidauban
83600;38;747.0;866.9;18.4;46.9;Frejus
83640;1;702.0;702.0;16.7;42.0;
83700;42;1030.0;1070.4;17.8;58.5;Saint-Raphaã«L
83720;1;641.0;641.0;10.2;63.0;
83830;1;670.0;670.0;13.7;49.0;
83860;2;480.0;480.0;22.5;21.5;
83920;1;680.0;680.0;19.4;35.0;
84000;542;600.0;743.1;15.1;45.8;Avignon
84120;39;695.0;760.7;16.1;49.7;Pertuis
84130;23;650.0;660.2;13.6;49.7;Le Pontet
84140;41;600.0;653.8;16.3;40.9;Avignon
84170;22;744.5;791.9;13.0;61.5;Monteux
84200;89;565.0;621.3;11.7;56.3;Carpentras
84210;4;738.0;824.8;13.9;60.5;Pernes-Les-Fontaines
84250;3;748.0;707.7;12.3;60.0;Le Thor
84270;9;750.0;869.4;13.2;66.4;Vedene
84300;125;611.0;653.2;13.2;54.9;Cavaillon
84310;2;672.5;672.5;12.1;57.5;Morieres-Les-Avignon
84350;6;571.0;562.0;11.2;54.3;Courthezon
84400;12;550.0;534.9;12.2;44.8;Apt
84440;1;826.0;826.0;10.0;83.0;Robion
84500;20;566.0;564.7;9.9;61.2;Bollene
84510;2;646.5;646.5;11.6;56.0;Caumont Sur Durance
84600;10;512.5;516.9;9.2;56.1;Valreas
84700;47;638.0;671.0;11.9;59.7;Sorgues
84800;45;773.0;951.5;13.7;75.0;L'Isle-Sur-La-Sorgue
85000;251;495.0;547.2;16.9;40.2;La Roche-Sur-Yon
85100;116;740.0;777.9;14.6;53.0;Les Sables-D'Olonne
85130;1;390.0;390.0;39.0;10.0;
85160;3;760.0;803.3;15.3;51.0;Saint-Jean-De-Monts
85180;12;670.0;693.8;13.2;49.9;Les Sables-D'Olonne
85190;4;780.0;790.0;9.5;85.0;Aizenay
85200;21;490.0;508.1;12.3;42.1;Fontenay-Le-Comte
85220;1;850.0;850.0;7.9;107.0;La Chapelle-Hermier
85270;2;572.0;572.0;17.1;34.0;Saint-Hilaire-De-Riez
85300;45;730.0;810.0;13.1;56.4;Challans
85340;27;775.0;810.8;13.3;61.0;Les Sables D Olonne
85400;4;740.0;700.5;16.9;52.8;
85520;1;600.0;600.0;13.3;45.0;Saint-Vincent-Sur-Jard
85600;10;720.0;719.6;15.2;49.0;Montaigu
85800;20;790.0;752.4;12.7;58.8;Saint-Gilles-Croix-De-Vie
86000;957;480.0;556.4;16.4;38.8;Poitiers
86100;122;462.5;519.8;11.4;48.0;Chatellerault
86130;11;450.0;541.4;15.9;43.3;Jaunay-Clan
86180;17;550.0;543.3;13.8;40.9;Buxerolles
87000;794;480.0;533.1;13.3;44.0;Limoges
87100;103;490.0;556.4;12.7;48.2;Limoges
87200;6;487.5;493.3;9.2;54.3;Saint-Junien
87280;2;830.0;830.0;10.5;79.0;Limoges
88000;158;495.0;549.8;12.3;48.8;Epinal
88100;83;450.0;483.8;10.9;47.8;Saint-Die-Des-Vosges
88120;1;890.0;890.0;9.3;96.0;
88160;4;490.0;488.8;8.1;61.5;Le Thillot
88190;3;365.0;423.3;11.9;34.3;Golbey
88200;4;490.0;492.5;9.8;49.8;Remiremont
88370;1;600.0;600.0;20.7;29.0;
89000;103;625.0;658.4;12.3;57.4;Auxerre
89100;108;616.0;658.9;13.3;51.7;Sens
89240;4;1007.5;984.2;10.9;91.8;Chevannes
89300;3;470.0;566.7;15.3;35.7;Joigny
89400;5;490.0;538.0;10.3;49.0;Migennes
89500;2;455.0;455.0;8.9;58.0;
90000;307;520.0;559.1;12.0;48.2;Belfort
90100;1;915.0;915.0;11.0;83.0;Delle
91000;281;590.0;736.1;19.5;51.8;Evry
91100;256;786.5;812.2;21.0;40.0;Corbeil-Essonnes
91120;170;893.0;945.1;25.0;42.9;Palaiseau
91130;46;956.0;943.5;17.6;51.1;Ris-Orangis
91150;72;745.0;763.9;18.4;45.8;Etampes
91160;25;651.0;809.7;23.5;37.7;Longjumeau
91170;62;850.5;884.3;20.0;47.8;Viry-Chatillon
91190;62;880.5;973.6;23.6;46.6;Gif-Sur-Yvette
91200;112;1019.0;1044.5;20.4;53.3;Athis-Mons
91210;25;1050.0;1110.2;21.5;59.5;Draveil
91220;53;853.0;874.2;20.5;46.8;Bretigny-Sur-Orge
91230;21;920.0;1037.0;21.4;52.8;Montgeron
91240;19;850.0;847.7;18.5;48.2;Saint-Michel-Sur-Orge
91250;1;990.0;990.0;15.2;65.0;Saintry Sur Seine
91260;181;999.0;1103.7;21.0;53.9;Juvisy-Sur-Orge
91270;40;865.0;941.7;20.1;49.7;Vigneux-Sur-Seine
91280;2;1092.5;1092.5;14.4;77.5;Saint-Pierre-Du-Perray
91290;19;880.0;908.4;18.2;51.7;Arpajon
91300;234;766.5;943.9;22.4;53.2;Massy
91320;3;828.0;887.0;27.6;37.3;Wissous
91330;25;992.0;1064.5;18.7;57.0;Yerres
91350;20;790.0;908.4;17.2;56.8;Grigny
91360;1;1155.0;1155.0;18.0;64.0;Epinay-Sur-Orge
91370;8;813.0;1178.2;24.1;51.1;Verrieres-Le-Buisson
91380;25;710.0;813.8;21.5;44.4;Chilly-Mazarin
91400;154;760.5;847.5;32.2;31.4;Orsay
91410;10;902.5;994.3;18.8;54.9;Dourdan
91420;14;873.5;937.9;20.3;49.5;Morangis
91470;14;688.0;797.9;19.6;46.1;Forges-Les-Bains
91540;35;850.0;913.1;18.2;50.2;Mennecy
91600;73;802.0;882.1;22.8;43.7;Savigny-Sur-Orge
91620;1;560.0;560.0;26.7;21.0;La Ville-Du-Bois
91680;8;1344.5;1244.9;15.8;76.1;Bruyeres-Le-Chatel
91700;56;848.5;873.1;18.6;51.5;Sainte-Genevieve-Des-Bois
91800;25;965.0;978.6;21.2;51.0;Brunoy
91940;25;560.0;700.9;15.2;50.3;Les Ulis
92000;364;1250.0;1363.1;26.7;54.7;Nanterre
92012;1;2000.0;2000.0;35.7;56.0;Boulogne-Billancourt
92014;1;1800.0;1800.0;22.5;80.0;Nanterre
92100;565;1450.0;1628.0;34.8;48.2;Boulogne-Billancourt
92110;339;1425.0;1585.1;30.8;52.6;Clichy
92120;180;1250.0;1323.1;30.2;44.8;Montrouge
92130;217;1350.0;1480.4;31.1;48.8;Issy-Les-Moulineaux
92140;221;1370.0;1540.0;25.9;61.2;Clamart
92150;225;1500.0;1684.3;29.3;58.7;Suresnes
92160;195;1250.0;1300.9;24.1;54.3;Antony
92170;55;1290.0;1503.1;30.6;51.5;Vanves
92190;115;1420.0;1589.5;26.4;60.4;Meudon
92200;457;1890.0;2419.0;39.5;62.2;Neuilly-Sur-Seine
92210;181;1790.0;2026.3;28.1;72.1;Saint-Cloud
92220;65;1111.0;1202.8;25.9;47.0;Bagneux
92230;58;1092.5;1162.3;28.5;48.3;Gennevilliers
92240;68;1197.5;1475.0;31.8;47.8;Malakoff
92250;94;1250.0;1379.4;31.6;46.4;La Garenne-Colombes
92260;62;1046.0;1247.5;24.3;50.7;Fontenay-Aux-Roses
92270;55;1150.0;1270.8;28.6;45.9;Bois-Colombes
92290;148;1355.5;1363.1;24.2;58.3;Chatenay-Malabry
92300;332;1400.0;1692.8;38.3;45.9;Levallois-Perret
92310;64;1425.0;1807.2;26.2;67.1;Sevres
92320;85;1190.0;1275.7;27.0;48.5;Chatillon
92330;67;1200.0;1545.9;29.1;56.1;Sceaux
92340;57;1182.0;1315.3;26.4;49.0;Bourg-La-Reine
92350;63;1380.0;1330.7;24.5;55.3;Le Plessis-Robinson
92360;41;1200.0;1184.4;23.0;52.2;Meudon
92370;54;1335.0;1349.9;24.7;54.8;Chaville
92380;29;1400.0;1496.2;29.2;52.5;Garches
92390;19;1233.0;1306.9;20.8;61.0;Villeneuve-La-Garenne
92400;507;1380.0;1482.6;31.4;49.1;Courbevoie
92410;34;1710.0;1759.9;24.0;75.7;Ville-D'Avray
92500;380;1297.5;1513.3;26.1;58.5;Rueil-Malmaison
92600;383;1295.0;1347.5;28.8;48.9;Asnieres-Sur-Seine
92700;326;1200.0;1230.9;26.9;50.0;Colombes
92800;265;1490.0;1563.9;33.8;47.1;Puteaux
93000;143;1100.0;1164.4;21.4;54.4;Bobigny
93100;248;1071.5;1199.3;27.5;50.1;Montreuil
93110;144;900.0;945.6;24.6;42.2;Rosny-Sous-Bois
93120;40;1147.0;1215.9;20.8;66.7;La Courneuve
93130;52;922.0;1044.0;20.2;60.0;Noisy-Le-Sec
93140;64;983.5;995.4;21.5;48.2;Bondy
93150;178;1050.0;1124.4;22.4;52.5;Le Blanc-Mesnil
93160;221;782.0;889.2;23.8;47.3;Noisy-Le-Grand
93170;130;1200.0;1207.0;22.4;52.0;Bagnolet
93190;159;951.0;1007.4;20.2;50.1;Livry-Gargan
93200;212;945.0;1034.6;23.2;50.2;Saint-Denis
93210;42;1192.5;1105.6;22.3;46.1;Saint-Denis
93220;130;940.0;1007.8;22.4;46.1;Gagny
93230;73;1270.0;1284.7;23.9;53.9;Romainville
93240;37;887.0;885.1;22.0;41.2;Stains
93250;95;1100.0;1143.1;22.5;52.5;Villemomble
93260;47;1200.0;1383.6;28.9;51.8;Les Lilas
93270;68;805.0;935.8;21.5;51.6;Sevran
93290;38;920.0;942.0;21.6;47.1;Tremblay-En-France
93300;188;1191.0;1168.4;21.1;55.1;Aubervilliers
93310;17;1200.0;1273.8;29.9;44.1;Le Pre-Saint-Gervais
93320;52;820.5;897.9;20.4;46.0;Les Pavillons-Sous-Bois
93330;61;980.0;1013.7;21.0;48.0;Neuilly-Sur-Marne
93340;71;1083.0;1155.2;21.9;53.4;Le Raincy
93350;40;940.0;1068.0;25.0;45.3;Le Bourget
93360;66;924.0;1053.6;24.7;43.9;Neuilly-Plaisance
93370;33;950.0;979.0;17.6;53.2;Montfermeil
93380;47;790.0;932.3;24.6;40.1;Pierrefitte-Sur-Seine
93390;21;845.0;863.0;20.0;48.1;Clichy-Sous-Bois
93400;154;1300.0;1519.7;26.9;59.7;Saint-Ouen-Sur-Seine
93420;50;875.0;937.1;22.9;45.3;Villepinte
93430;6;681.5;858.2;21.5;78.8;Villetaneuse
93440;1;760.0;760.0;29.2;26.0;Dugny
93450;4;1140.0;1038.8;19.8;50.2;L'Ile-Saint-Denis
93460;9;919.0;901.3;23.4;39.4;Gournay-Sur-Marne
93500;133;1291.0;1378.0;24.8;57.3;Pantin
93600;141;930.0;1007.1;22.3;49.8;Aulnay-Sous-Bois
93700;156;891.0;941.4;24.2;41.5;Drancy
93800;56;909.5;927.6;24.4;42.7;Epinay-Sur-Seine
94000;326;947.5;996.1;23.9;48.4;Creteil
94058;1;850.0;850.0;26.6;32.0;Le Perreux-Sur-Marne
94100;210;1053.0;1178.7;26.0;47.0;Saint-Maur-Des-Fosses
94110;45;1300.0;1441.8;27.9;55.0;Arcueil
94120;163;1150.0;1220.9;26.1;49.3;Fontenay-Sous-Bois
94130;156;1220.0;1279.9;28.4;47.0;Nogent-Sur-Marne
94140;152;1107.0;1129.1;26.2;46.3;Alfortville
94160;34;1502.5;1550.6;34.9;44.4;Saint-Mande
94170;247;1191.0;1238.7;24.0;51.9;Le Perreux-Sur-Marne
94190;51;810.0;929.9;25.7;39.2;Villeneuve-Saint-Georges
94200;192;980.0;1107.6;30.6;38.8;Ivry-Sur-Seine
94205;1;1071.0;1071.0;36.9;29.0;Ivry-Sur-Seine
94210;73;1120.0;1240.1;26.6;47.4;Saint-Maur-Des-Fosses
94220;54;1155.0;1270.9;31.1;39.9;Charenton-Le-Pont
94230;64;1057.0;1178.3;25.6;48.4;Cachan
94240;64;1140.0;1203.9;25.0;51.3;L'Haã¿-Les-Roses
94250;46;1190.5;1279.2;27.0;49.5;Gentilly
94260;34;919.0;891.3;21.4;42.4;Fresnes
94270;53;1030.0;1190.2;30.9;42.8;Le Kremlin-Bicetre
94290;25;930.0;1028.5;23.0;49.7;Villeneuve-Le-Roi
94300;168;1197.5;1376.0;37.1;37.8;Vincennes
94310;18;966.5;1135.9;23.1;49.8;Orly
94320;77;1200.0;1100.1;23.1;49.8;Thiais
94340;46;1250.5;1265.2;27.3;49.0;Joinville-Le-Pont
94350;73;1000.0;1008.0;24.5;44.0;Villiers-Sur-Marne
94360;41;1139.0;1083.6;22.3;48.8;Bry-Sur-Marne
94370;26;1300.0;1286.6;19.8;68.6;Sucy-En-Brie
94380;11;995.0;1134.1;20.6;57.3;Bonneuil-Sur-Marne
94400;221;900.0;1002.1;27.7;43.2;Vitry-Sur-Seine
94410;44;1257.5;1277.6;26.5;48.4;Saint-Maurice
94420;49;964.0;1036.6;20.2;55.2;Le Plessis-Trevise
94430;39;1195.0;1222.5;21.0;56.2;Chennevieres-Sur-Marne
94440;5;788.0;788.0;20.9;37.6;Villecresnes
94450;63;870.0;994.7;21.5;48.1;Limeil-Brevannes
94460;4;1200.0;1052.0;17.7;68.0;Valenton
94470;20;808.5;933.7;19.9;51.8;Boissy-Saint-Leger
94500;174;1000.0;1067.4;22.8;50.8;Champigny-Sur-Marne
94520;6;830.0;862.5;22.2;39.5;Mandres-Les-Roses
94550;23;1040.0;1139.6;26.0;46.0;Chevilly-Larue
94600;138;889.5;971.9;22.8;46.4;Choisy-Le-Roi
94700;186;1061.0;1126.4;27.4;43.2;Maisons-Alfort
94800;232;1100.0;1192.5;28.5;43.4;Villejuif
95000;412;600.0;839.0;24.4;49.5;Cergy
95014;3;796.0;796.0;44.2;18.0;Pontoise
95100;256;987.5;1030.9;22.1;52.4;Argenteuil
95110;26;1092.0;1134.2;18.4;73.0;Sannois
95120;30;1049.0;1101.2;20.2;53.7;Ermont
95130;62;1028.0;1097.5;22.7;51.4;Franconville
95140;22;1030.0;1043.0;19.9;60.9;Garges-Les-Gonesse
95150;18;815.5;856.6;20.7;39.4;Taverny
95160;56;960.0;1075.2;21.8;50.2;Montmorency
95170;45;990.0;1041.2;24.8;46.4;Deuil-La-Barre
95180;2;1158.5;1158.5;22.0;61.5;Menucourt
95190;17;800.0;829.4;22.4;37.5;Goussainville
95200;31;740.0;875.1;18.8;52.7;Sarcelles
95210;23;994.0;1078.3;21.5;54.8;Saint-Gratien
95220;17;890.0;1069.5;19.9;53.1;Herblay
95230;18;1050.0;1073.8;22.0;51.2;Soisy-Sous-Montmorency
95240;24;1095.0;1118.2;23.1;51.5;Cormeilles-En-Parisis
95250;1;860.0;860.0;20.5;42.0;Beauchamp
95270;2;717.5;717.5;22.4;32.0;Cormeilles-En-Parisis
95290;19;850.0;1023.5;22.4;46.4;L'Isle-Adam
95300;138;748.0;799.2;24.1;43.1;Pontoise
95310;36;882.5;928.0;19.7;47.9;Saint-Ouen-L'Aumone
95320;13;949.0;969.0;23.7;42.0;Saint-Leu-La-Foret
95330;13;750.0;818.5;23.8;37.5;Domont
95350;23;1000.0;985.4;21.2;48.1;Saint-Brice-Sous-Foret
95360;9;970.0;1080.7;20.6;62.3;Montmagny
95370;14;955.5;1125.9;20.8;59.1;Montigny-Les-Cormeilles
95410;1;700.0;700.0;43.8;16.0;Groslay
95420;4;737.5;692.5;16.4;46.0;Magny-En-Vexin
95490;6;700.0;700.0;21.1;60.5;Vaureal
95500;12;880.0;1093.3;20.0;57.0;Gonesse
95520;12;1400.0;1354.8;20.0;76.2;Osny
95530;2;1027.5;1027.5;24.5;42.0;La Frette-Sur-Seine
95600;24;1044.5;1153.9;18.7;64.0;Eaubonne
95800;66;631.5;831.2;19.9;49.7;Cergy
95870;79;1140.0;1099.0;24.4;47.8;Bezons
95880;24;1165.0;1257.0;25.0;55.0;Enghien-Les-Bains
97111;3;1300.0;1350.0;13.3;90.3;Morne-Ã -L'Eau
97200;28;730.0;832.4;17.8;46.9;Fort-De-France
97290;1;850.0;850.0;19.8;43.0;Le Marin
97300;51;880.0;1072.2;17.9;61.4;Cayenne
97400;22;940.0;1022.6;21.2;53.5;Saint-Denis
97411;5;1300.0;1650.6;21.1;88.6;Bois De Nefles Saint-Paul
97417;4;1000.0;1066.5;16.8;66.2;La Montagne
97418;1;800.0;800.0;11.1;72.0;Le Tampon
97422;1;1990.0;1990.0;11.4;175.0;La Saline
97424;9;1290.0;1186.9;18.6;71.1;Piton Saint-Leu
97430;30;775.0;805.7;16.3;56.0;Le Tampon
97434;10;1412.5;1939.7;24.1;79.0;Saint-Gilles Les Bains
97435;1;1171.0;1171.0;10.5;111.0;Saint-Gilles Les Hauts
97436;10;1440.0;1509.9;16.8;86.1;Saint-Leu
97460;8;1275.0;1247.6;14.9;80.6;Saint-Paul
97490;25;656.0;766.4;21.7;39.1;Sainte-Clotilde
99000;3;1700.0;1700.0;70.8;24.0;Paris
